ID	CONCEPT	CONCEPTICON_GLOSS	CONCEPTICON_ID	PARAMETER_ID	CONCEPTICON_ID	DOCULECT	VALUE	FORM	SOURCE	NOTES
1	101_ifirstpersonsingular	I [first person singular]	1209	101_ifirstpersonsingular	1209	Mama Cuona Menba	ŋe35		LS2002	
2	11_big	big	1202	11_big	1202	Mama Cuona Menba	then55po53		LS2002	
3	14_black	black	163	14_black	163	Mama Cuona Menba	plɛː35kan55		LS2002	
4	26_coldoftemperature	cold (of temperature)	1287	26_coldoftemperature	1287	Mama Cuona Menba	chek53pa53		LS2002	
5	36_dirty	dirty	1230	36_dirty	1230	Mama Cuona Menba	bɔk35po53		LS2002	
6	40_dry	dry	1398	40_dry	1398	Mama Cuona Menba	cem55pha53		LS2002	
7	48_eight	eight	1705	48_eight	1705	Mama Cuona Menba	cen35		LS2002	
8	50_far	far	1406	50_far	1406	Mama Cuona Menba	thaʔ53riŋ35po53		LS2002	
9	57_five	five	493	57_five	493	Mama Cuona Menba	le31ŋe53		LS2002	
10	67_four	four	1500	67_four	1500	Mama Cuona Menba	pli53		LS2002	
11	73_full	full	1429	73_full	1429	Mama Cuona Menba				
12	76_good	good	1035	76_good	1035	Mama Cuona Menba	li35khu31		LS2002	
13	78_green	green	1425	78_green	1425	Mama Cuona Menba	dʑaŋ35ku53		LS2002	
14	82_hard	hard	1884	82_hard	1884	Mama Cuona Menba	ʂa55po53		LS2002	
15	83_heorshethirdpersonsingular	he or she [third person singular]	262	83_heorshethirdpersonsingular	262	Mama Cuona Menba	pe35		LS2002	
16	87_heavy	heavy	1210	87_heavy	1210	Mama Cuona Menba	li55po53		LS2002	
17	96_hot	hot	1286	96_hot	1286	Mama Cuona Menba	tshe55po53		LS2002	
18	103_inside	inside	1606	103_inside	1606	Mama Cuona Menba	neŋ35		LS2002	
19	110_late	late	477	110_late	477	Mama Cuona Menba	jyt35po53		LS2002	
20	114_left	left	244	114_left	244	Mama Cuona Menba	jøn55ma53		LS2002	
21	117_lightofweight	light (of weight)	1052	117_lightofweight	1052	Mama Cuona Menba	jaŋ35po53		LS2002	
22	120_long	long	1203	120_long	1203	Mama Cuona Menba	riŋ35ko53		LS2002	
23	124_many	many	1198	124_many	1198	Mama Cuona Menba	maŋ35po53		LS2002	
24	127_middle	middle	1093	127_middle	1093	Mama Cuona Menba	pun35		LS2002	
25	129_morning	morning	1339	129_morning	1339	Mama Cuona Menba	nam55ɕe53		LS2002	
26	139_near	near	1942	139_near	1942	Mama Cuona Menba	thaʔ53len35po53		LS2002	
27	142_new	new	1231	142_new	1231	Mama Cuona Menba	se55ro53		LS2002	
28	143_nine	nine	1483	143_nine	1483	Mama Cuona Menba	tu31ku53		LS2002	
29	148_one	one	1493	148_one	1493	Mama Cuona Menba	theʔ53		LS2002	
30	150_outside	outside	762	150_outside	762	Mama Cuona Menba	tɕhin55		LS2002	
31	158_red	red	156	158_red	156	Mama Cuona Menba	leu55		LS2002	
32	161_right	right	1019	161_right	1019	Mama Cuona Menba	jɛː55pa53		LS2002	
33	166_round	round	1395	166_round	1395	Mama Cuona Menba	chir55mo53		LS2002	
34	175_seven	seven	1704	175_seven	1704	Mama Cuona Menba	nis55		LS2002	
35	176_sharp	sharp	1396	176_sharp	1396	Mama Cuona Menba	tɕhet55po53		LS2002	
36	179_short	short	1645	179_short	1645	Mama Cuona Menba	thuŋ55po53		LS2002	
37	184_six	six	1703	184_six	1703	Mama Cuona Menba	kroʔ35		LS2002	
38	188_small	small	1246	188_small	1246	Mama Cuona Menba	priu53		LS2002	
39	194_soft	soft	1856	194_soft	1856	Mama Cuona Menba	dʑam35mo53		LS2002	
40	204_straight	straight	1404	204_straight	1404	Mama Cuona Menba	kap55tuʔ53		LS2002	
41	207_ten	ten	1515	207_ten	1515	Mama Cuona Menba	tɕi53		LS2002	
42	3_theant	the ant	587	3_theant	587	Mama Cuona Menba	ʂuk55pu53		LS2002	
43	6_thebamboo	the bamboo	1927	6_thebamboo	1927	Mama Cuona Menba	ɲom35		LS2002	
44	9_thebelly	the belly	1251	9_thebelly	1251	Mama Cuona Menba	cɛː55pa53		LS2002	
45	12_thebird	the bird	937	12_thebird	937	Mama Cuona Menba	tɕa35		LS2002	
46	15_theblood	the blood	946	15_theblood	946	Mama Cuona Menba	ceʔ53		LS2002	
47	18_thebone	the bone	1394	18_thebone	1394	Mama Cuona Menba				
48	19_thebranch	the branch	1531	19_thebranch	1531	Mama Cuona Menba	ʔa55lak53		LS2002	
49	20_thebreastfemale	the breast (female)	1402	20_thebreastfemale	1402	Mama Cuona Menba	jɔ35		LS2002	
50	25_thecloud	the cloud	1489	25_thecloud	1489	Mama Cuona Menba	sa55caʔ53		LS2002	
51	33_thedew	the dew	1977	33_thedew	1977	Mama Cuona Menba	ziː35pa53		LS2002	
52	37_thedog	the dog	2009	37_thedog	2009	Mama Cuona Menba	chi53		LS2002	
53	38_thedream	the dream	2374	38_thedream	2374	Mama Cuona Menba	mi35prem55		LS2002	
54	41_thedust	the dust	2	41_thedust	2	Mama Cuona Menba				
55	42_theear	the ear	1247	42_theear	1247	Mama Cuona Menba	nem35nɛn53		LS2002	
56	44_theearthsoil	the earth (soil)	1228	44_theearthsoil	1228	Mama Cuona Menba	sa53		LS2002	
57	47_theegg	the egg	744	47_theegg	744	Mama Cuona Menba	khaʔ53lum53		LS2002	
58	49_theeye	the eye	1248	49_theeye	1248	Mama Cuona Menba	meʔ53		LS2002	
59	54_thefire	the fire	221	54_thefire	221	Mama Cuona Menba	me35		LS2002	
60	56_thefish	the fish	227	56_thefish	227	Mama Cuona Menba	ɲa35		LS2002	
61	61_theflower	the flower	239	61_theflower	239	Mama Cuona Menba	min35thoʔ53		LS2002	
62	64_thefoot	the foot	1301	64_thefoot	1301	Mama Cuona Menba	le35mɛʔ53		LS2002	
63	65_theforest	the forest	420	65_theforest	420	Mama Cuona Menba				
64	69_thefrog	the frog	503	69_thefrog	503	Mama Cuona Menba	bɛː35pa53		LS2002	
65	70_thefrontfrontside	the front (front side)	2194	70_thefrontfrontside	2194	Mama Cuona Menba	ŋɛʔ53		LS2002	
66	72_thefruit	the fruit	1507	72_thefruit	1507	Mama Cuona Menba	ɕeŋ55toʔ53		LS2002	
67	75_thegoat	the goat	1502	75_thegoat	1502	Mama Cuona Menba	ra35		LS2002	
68	79_thehail	the hail	609	79_thehail	609	Mama Cuona Menba	ser55wa53		LS2002	
69	80_thehairofthehead	the hair (of the head)	1040	80_thehairofthehead	1040	Mama Cuona Menba	khra53		LS2002	
70	81_thehand	the hand	1277	81_thehand	1277	Mama Cuona Menba	la55dum55		LS2002	
71	84_thehead	the head	1256	84_thehead	1256	Mama Cuona Menba	kɔk35theʔ53		LS2002	
72	86_theheart	the heart	1223	86_theheart	1223	Mama Cuona Menba	niŋ53		LS2002	
73	94_thehornkeratinizedskin	the horn (keratinized skin)	1393	94_thehornkeratinizedskin	1393	Mama Cuona Menba	ruː35		LS2002	
74	97_thehouse	the house	1252	97_thehouse	1252	Mama Cuona Menba	chem53		LS2002	
75	106_theknee	the knee	1371	106_theknee	1371	Mama Cuona Menba				
76	112_theleaf	the leaf	628	112_theleaf	628	Mama Cuona Menba	lɔ35ma53		LS2002	
77	119_theliver	the liver	1224	119_theliver	1224	Mama Cuona Menba	tsi55mo53		LS2002	
78	121_thelouse	the louse	1392	121_thelouse	1392	Mama Cuona Menba	ɕeʔ35		LS2002	
79	122_thelung	the lung	688	122_thelung	688	Mama Cuona Menba	lɔː55		LS2002	
80	123_themanmalehuman	the man (male human)	2106	123_themanmalehuman	2106	Mama Cuona Menba	pu35		LS2002	
81	126_themeat	the meat	634	126_themeat	634	Mama Cuona Menba	ɕa53		LS2002	
82	128_themoon	the moon	1313	128_themoon	1313	Mama Cuona Menba	lɛː55tʰøn55		LS2002	
83	132_themountain	the mountain	639	132_themountain	639	Mama Cuona Menba	ri˧˥	ri35	LS1986	
84	133_themouseorrat	the mouse or rat	2139	133_themouseorrat	2139	Mama Cuona Menba	tɕi35po53		LS2002	
85	134_themouth	the mouth	674	134_themouth	674	Mama Cuona Menba	kha53		LS2002	
86	135_themud	the mud	640	135_themud	640	Mama Cuona Menba	dAm˧˥ 	dAm35	LS1986	
87	136_thenailfingernailorclaw	the nail (fingernail or claw)	2128	136_thenailfingernailorclaw	2128	Mama Cuona Menba	ziː35po53		LS2002	
88	137_thename	the name	1405	137_thename	1405	Mama Cuona Menba	meŋ35		LS2002	
89	140_theneck	the neck	1333	140_theneck	1333	Mama Cuona Menba	tak55pa53		LS2002	
90	141_theneedleforsewing	the needle (for sewing)	1382	141_theneedleforsewing	1382	Mama Cuona Menba	khɔm53		LS2002	
91	146_thenose	the nose	1221	146_thenose	1221	Mama Cuona Menba	na53		LS2002	
92	151_thepig	the pig	1337	151_thepig	1337	Mama Cuona Menba	phaʔ53		LS2002	
93	156_therain	the rain	658	156_therain	658	Mama Cuona Menba	nAm˧˥ 	nAm35	LS1986	
94	163_theroad	the road	667	163_theroad	667	Mama Cuona Menba	lem35taŋ55		LS2002	
95	164_theroot	the root	670	164_theroot	670	Mama Cuona Menba	ra35		LS2002	
96	165_therope	the rope	1218	165_therope	1218	Mama Cuona Menba	thek55pa53		LS2002	
97	168_thesalt	the salt	1274	168_thesalt	1274	Mama Cuona Menba	tsha53		LS2002	
98	170_thesand	the sand	671	170_thesand	671	Mama Cuona Menba	tɕe35ma53		LS2002	
99	174_theseed	the seed	714	174_theseed	714	Mama Cuona Menba	tɕu35		LS2002	
100	250_theshit	the shit	676	250_theshit	676	Mama Cuona Menba	ɲiŋ35		LS2002	
101	180_theshoulder	the shoulder	1482	180_theshoulder	1482	Mama Cuona Menba	pu55pa53		LS2002	
102	185_theskin	the skin	763	185_theskin	763	Mama Cuona Menba	phe55khu53		LS2002	
103	186_thesky	the sky	1732	186_thesky	1732	Mama Cuona Menba	nam53		LS2002	
104	190_thesmoke	the smoke	778	190_thesmoke	778	Mama Cuona Menba	me35kun55		LS2002	
105	192_thesnake	the snake	730	192_thesnake	730	Mama Cuona Menba	breː35		LS2002	
106	193_thesnow	the snow	784	193_thesnow	784	Mama Cuona Menba	khA˥ru˥˧	khA55ru51	LS1986	
107	195_theson	the son	1620	195_theson	1620	Mama Cuona Menba	pu35		LS2002	
108	197_thespider	the spider	843	197_thespider	843	Mama Cuona Menba	dʐe35tom55		LS2002	
109	200_thestar	the star	1430	200_thestar	1430	Mama Cuona Menba	kar55ma53		LS2002	
110	202_thestick	the stick	1295	202_thestick	1295	Mama Cuona Menba	cuk55pa53		LS2002	
111	203_thestoneapieceof	the stone (a piece of)	857	203_thestoneapieceof	857	Mama Cuona Menba	kɔr35		LS2002	
112	205_thesun	the sun	1343	205_thesun	1343	Mama Cuona Menba	plaŋ53		LS2002	
113	206_thetail	the tail	1220	206_thetail	1220	Mama Cuona Menba	khlɛʔ53		LS2002	
114	211_thethigh	the thigh	471	211_thethigh	471	Mama Cuona Menba				
115	218_thethunder	the thunder	1150	218_thethunder	1150	Mama Cuona Menba	bruʔ53		LS2002	
116	222_thetongue	the tongue	1205	222_thetongue	1205	Mama Cuona Menba	le53		LS2002	
117	223_thetoothfront	the tooth (front)	1380	223_thetoothfront	1380	Mama Cuona Menba	wa53		LS2002	
118	229_thewater	the water	948	229_thewater	948	Mama Cuona Menba	tshi53		LS2002	
119	238_thewind	the wind	960	238_thewind	960	Mama Cuona Menba	røn˧˥	røn35	LS1986	
120	239_thewing	the wing	1257	239_thewing	1257	Mama Cuona Menba	ɕɔk55pa53		LS2002	
121	242_thewoman	the woman	962	242_thewoman	962	Mama Cuona Menba	pom35		LS2002	
122	245_theyear	the year	1226	245_theyear	1226	Mama Cuona Menba	niŋ55		LS2002	
123	210_thick	thick	1244	210_thick	1244	Mama Cuona Menba	tuk55po53		LS2002	
124	212_thinobject	thin (object)	2249	212_thinobject	2249	Mama Cuona Menba	bra35mo53		LS2002	
125	215_thousecondpersonsingular	thou [second person singular]	1215	215_thousecondpersonsingular	1215	Mama Cuona Menba	ʔi53		LS2002	
126	216_three	three	492	216_three	492	Mama Cuona Menba	sum53		LS2002	
127	13_tobite	to bite	1403	13_tobite	1403	Mama Cuona Menba	chaʔ53		LS2002	
128	21_toburnintransitive	to burn [intransitive]	1428	21_toburnintransitive	1428	Mama Cuona Menba				
129	22_tobuy	to buy	1869	22_tobuy	1869	Mama Cuona Menba	ɲer35		LS2002	
130	23_tochew	to chew	321	23_tochew	321	Mama Cuona Menba	kla35		LS2002	
131	27_tocome	to come	1446	27_tocome	1446	Mama Cuona Menba	cɛʔ35		LS2002	
132	29_tocount	to count	1420	29_tocount	1420	Mama Cuona Menba	tsi35ja35		LS2002	
133	30_tocryweep	to cry (weep)	1839	30_tocryweep	1839	Mama Cuona Menba	ŋu35		LS2002	
134	34_todie	to die	1494	34_todie	1494	Mama Cuona Menba	ɕi55po55		LS2002	
135	35_todig	to dig	1418	35_todig	1418	Mama Cuona Menba	koʔ35		LS2002	
136	39_todrink	to drink	1401	39_todrink	1401	Mama Cuona Menba	toŋ55		LS2002	
137	46_toeat	to eat	1336	46_toeat	1336	Mama Cuona Menba	za35		LS2002	
138	53_tofight	to fight	1423	53_tofight	1423	Mama Cuona Menba	thaː55mo53ja35		LS2002	
139	62_toflymovethroughair	to fly (move through air)	1441	62_toflymovethroughair	1441	Mama Cuona Menba	phir55		LS2002	
140	66_toforget	to forget	1523	66_toforget	1523	Mama Cuona Menba	ŋat35ne35		LS2002	
141	74_togive	to give	1447	74_togive	1447	Mama Cuona Menba				
142	85_tohear	to hear	1408	85_tohear	1408	Mama Cuona Menba	ɲan35		LS2002	
143	89_tohideconceal	to hide (conceal)	602	89_tohideconceal	602	Mama Cuona Menba	tɕhi55ɲi35		LS2002	
144	91_tohold	to hold	1448	91_tohold	1448	Mama Cuona Menba	zuŋ35		LS2002	
145	104_tokill	to kill	1417	104_tokill	1417	Mama Cuona Menba	sɔt53		LS2002	
146	111_tolaugh	to laugh	1355	111_tolaugh	1355	Mama Cuona Menba	cen35tar55		LS2002	
147	115_tolick	to lick	319	115_tolick	319	Mama Cuona Menba	klA˧˥	klA35	LS1986	
148	153_toplay	to play	1413	153_toplay	1413	Mama Cuona Menba	møn35to55pa31ja35		LS2002	
149	155_topush	to push	1452	155_topush	1452	Mama Cuona Menba	tɔk˥thoʔ˥˧sa˧˩ 	tɔk55thoʔ53sa51	LS1986	
150	159_toresidelive	to reside (live)	363	159_toresidelive	363	Mama Cuona Menba	zuk35		LS2002	
151	171_toscratch	to scratch	1436	171_toscratch	1436	Mama Cuona Menba	thoʔ˥˧	thoʔ53	LS1986	
152	173_tosee	to see	1409	173_tosee	1409	Mama Cuona Menba	meʔthoŋ53		LS2002	
153	178_toshootanarrow	to shoot (an arrow)	1172	178_toshootanarrow	1172	Mama Cuona Menba	bla35ja35		LS2002	
154	183_tosing	to sing	1261	183_tosing	1261	Mama Cuona Menba	ʑɛʔ35thoʔ53		LS2002	
155	187_tosleep	to sleep	1585	187_tosleep	1585	Mama Cuona Menba	ɲɛː35		LS2002	
156	189_tosmellperceiveodortransitive	to smell (perceive odor) [transitive]	1586	189_tosmellperceiveodortransitive	1586	Mama Cuona Menba	ʂi53num35		LS2002	
157	198_tospit	to spit	1440	198_tospit	1440	Mama Cuona Menba	kɔp35		LS2002	
158	199_tostand	to stand	1442	199_tostand	1442	Mama Cuona Menba	laŋ35		LS2002	
159	201_tosteal	to steal	713	201_tosteal	713	Mama Cuona Menba	kun53		LS2002	
160	213_tothinkreflect	to think (reflect)	1415	213_tothinkreflect	1415	Mama Cuona Menba	kran35		LS2002	
161	217_tothrow	to throw	1456	217_tothrow	1456	Mama Cuona Menba	ɔt35		LS2002	
162	227_tovomit	to vomit	1278	227_tovomit	1278	Mama Cuona Menba	kɔp35		LS2002	
163	228_towalk	to walk	1443	228_towalk	1443	Mama Cuona Menba	cɛʔ35		LS2002	
164	240_towipe	to wipe	1454	240_towipe	1454	Mama Cuona Menba	tɕhiʔ53		LS2002	
165	226_two	two	1498	226_two	1498	Mama Cuona Menba	nai35		LS2002	
166	231_wet	wet	1726	231_wet	1726	Mama Cuona Menba	ɕer55pa53		LS2002	
167	235_white	white	1335	235_white	1335	Mama Cuona Menba	cher55po53		LS2002	
168	236_who	who	1235	236_who	1235	Mama Cuona Menba	su53		LS2002	
169	246_yellow	yellow	1424	246_yellow	1424	Mama Cuona Menba	si55ru53		LS2002	
170	101_ifirstpersonsingular	I [first person singular]	1209	101_ifirstpersonsingular	1209	Wenlang Cuona Menba	ŋe35		LS2002	
171	11_big	big	1202	11_big	1202	Wenlang Cuona Menba	than55bu55		LS2002	
172	14_black	black	163	14_black	163	Wenlang Cuona Menba	mleŋ55bu55		LS2002	
173	26_coldoftemperature	cold (of temperature)	1287	26_coldoftemperature	1287	Wenlang Cuona Menba	tɕhak55ɲi55		LS2002	
174	36_dirty	dirty	1230	36_dirty	1230	Wenlang Cuona Menba	ʑo35lo55ka55		LS2002	
175	40_dry	dry	1398	40_dry	1398	Wenlang Cuona Menba	kem55ɲi55		LS2002	
176	48_eight	eight	1705	48_eight	1705	Wenlang Cuona Menba	get35		LS2002	
177	50_far	far	1406	50_far	1406	Wenlang Cuona Menba	tha55riŋ35ko55		LS2002	
178	57_five	five	493	57_five	493	Wenlang Cuona Menba	le35ŋa55		LS2002	
179	67_four	four	1500	67_four	1500	Wenlang Cuona Menba	bli35		LS2002	
180	73_full	full	1429	73_full	1429	Wenlang Cuona Menba				
181	76_good	good	1035	76_good	1035	Wenlang Cuona Menba	leu35		LS2002	
182	78_green	green	1425	78_green	1425	Wenlang Cuona Menba	ŋou55		LS2002	
183	82_hard	hard	1884	82_hard	1884	Wenlang Cuona Menba	ʂau55		LS2002	
184	83_heorshethirdpersonsingular	he or she [third person singular]	262	83_heorshethirdpersonsingular	262	Wenlang Cuona Menba	bi35		LS2002	
185	87_heavy	heavy	1210	87_heavy	1210	Wenlang Cuona Menba	lin55		LS2002	
186	96_hot	hot	1286	96_hot	1286	Wenlang Cuona Menba	tshat55pa55		LS2002	
187	103_inside	inside	1606	103_inside	1606	Wenlang Cuona Menba	neŋ35ŋo35		LS2002	
188	110_late	late	477	110_late	477	Wenlang Cuona Menba	ʑyr35po55		LS2002	
189	114_left	left	244	114_left	244	Wenlang Cuona Menba	jøn55pa55		LS2002	
190	117_lightofweight	light (of weight)	1052	117_lightofweight	1052	Wenlang Cuona Menba	jaŋ35bu55		LS2002	
191	120_long	long	1203	120_long	1203	Wenlang Cuona Menba	riŋ35ko53		LS2002	
192	124_many	many	1198	124_many	1198	Wenlang Cuona Menba	ge35ba35		LS2002	
193	127_middle	middle	1093	127_middle	1093	Wenlang Cuona Menba	but35ka55		LS2002	
194	129_morning	morning	1339	129_morning	1339	Wenlang Cuona Menba	nam35leŋ55		LS2002	
195	139_near	near	1942	139_near	1942	Wenlang Cuona Menba	lan35be55		LS2002	
196	142_new	new	1231	142_new	1231	Wenlang Cuona Menba	se55ru55		LS2002	
197	143_nine	nine	1483	143_nine	1483	Wenlang Cuona Menba	du35gu55		LS2002	
198	148_one	one	1493	148_one	1493	Wenlang Cuona Menba	thi55		LS2002	
199	150_outside	outside	762	150_outside	762	Wenlang Cuona Menba	tɕhi55ka55		LS2002	
200	158_red	red	156	158_red	156	Wenlang Cuona Menba	liu35		LS2002	
201	161_right	right	1019	161_right	1019	Wenlang Cuona Menba	e55pa53		LS2002	
202	166_round	round	1395	166_round	1395	Wenlang Cuona Menba	gor35po35		LS2002	
203	175_seven	seven	1704	175_seven	1704	Wenlang Cuona Menba	ɲi55		LS2002	
204	176_sharp	sharp	1396	176_sharp	1396	Wenlang Cuona Menba	tɕhat55po55		LS2002	
205	179_short	short	1645	179_short	1645	Wenlang Cuona Menba	thoŋ55ko55		LS2002	
206	184_six	six	1703	184_six	1703	Wenlang Cuona Menba	grok35		LS2002	
207	188_small	small	1246	188_small	1246	Wenlang Cuona Menba	breu55ɣu55		LS2002	
208	194_soft	soft	1856	194_soft	1856	Wenlang Cuona Menba	dʑam35bu55		LS2002	
209	204_straight	straight	1404	204_straight	1404	Wenlang Cuona Menba	døt35poŋ55		LS2002	
210	207_ten	ten	1515	207_ten	1515	Wenlang Cuona Menba	tɕi55		LS2002	
211	3_theant	the ant	587	3_theant	587	Wenlang Cuona Menba	xrok55pu55		LS2002	
212	6_thebamboo	the bamboo	1927	6_thebamboo	1927	Wenlang Cuona Menba	so55		LS2002	
213	9_thebelly	the belly	1251	9_thebelly	1251	Wenlang Cuona Menba	ke55pa53		LS2002	
214	12_thebird	the bird	937	12_thebird	937	Wenlang Cuona Menba	ɕa35		LS2002	
215	15_theblood	the blood	946	15_theblood	946	Wenlang Cuona Menba	ki55		LS2002	
216	18_thebone	the bone	1394	18_thebone	1394	Wenlang Cuona Menba				
217	19_thebranch	the branch	1531	19_thebranch	1531	Wenlang Cuona Menba	a55lak55		LS2002	
218	20_thebreastfemale	the breast (female)	1402	20_thebreastfemale	1402	Wenlang Cuona Menba	jo35		LS2002	
219	25_thecloud	the cloud	1489	25_thecloud	1489	Wenlang Cuona Menba	sa55tɕa55		LS2002	
220	33_thedew	the dew	1977	33_thedew	1977	Wenlang Cuona Menba	ziː35ba55		LS2002	
221	37_thedog	the dog	2009	37_thedog	2009	Wenlang Cuona Menba	khi55		LS2002	
222	38_thedream	the dream	2374	38_thedream	2374	Wenlang Cuona Menba	mre35phre55		LS2002	
223	41_thedust	the dust	2	41_thedust	2	Wenlang Cuona Menba				
224	42_theear	the ear	1247	42_theear	1247	Wenlang Cuona Menba	na55lap55		LS2002	
225	44_theearthsoil	the earth (soil)	1228	44_theearthsoil	1228	Wenlang Cuona Menba	sa55		LS2002	
226	47_theegg	the egg	744	47_theegg	744	Wenlang Cuona Menba	kha55lum55		LS2002	
227	49_theeye	the eye	1248	49_theeye	1248	Wenlang Cuona Menba	mek55		LS2002	
228	54_thefire	the fire	221	54_thefire	221	Wenlang Cuona Menba	me35		LS2002	
229	56_thefish	the fish	227	56_thefish	227	Wenlang Cuona Menba	ɲa35		LS2002	
230	61_theflower	the flower	239	61_theflower	239	Wenlang Cuona Menba	men55to55		LS2002	
231	64_thefoot	the foot	1301	64_thefoot	1301	Wenlang Cuona Menba	li35min55		LS2002	
232	65_theforest	the forest	420	65_theforest	420	Wenlang Cuona Menba				
233	69_thefrog	the frog	503	69_thefrog	503	Wenlang Cuona Menba	pai55po55		LS2002	
234	70_thefrontfrontside	the front (front side)	2194	70_thefrontfrontside	2194	Wenlang Cuona Menba	ɲi55ka55		LS2002	
235	72_thefruit	the fruit	1507	72_thefruit	1507	Wenlang Cuona Menba	ɕeŋ55tuk55		LS2002	
236	75_thegoat	the goat	1502	75_thegoat	1502	Wenlang Cuona Menba	ra35		LS2002	
237	79_thehail	the hail	609	79_thehail	609	Wenlang Cuona Menba	ser55ba55		LS2002	
238	80_thehairofthehead	the hair (of the head)	1040	80_thehairofthehead	1040	Wenlang Cuona Menba	khra55		LS2002	
239	81_thehand	the hand	1277	81_thehand	1277	Wenlang Cuona Menba	lak55tɕuŋ55		LS2002	
240	84_thehead	the head	1256	84_thehead	1256	Wenlang Cuona Menba	go35te55		LS2002	
241	86_theheart	the heart	1223	86_theheart	1223	Wenlang Cuona Menba	neŋ55		LS2002	
242	94_thehornkeratinizedskin	the horn (keratinized skin)	1393	94_thehornkeratinizedskin	1393	Wenlang Cuona Menba	ru35wa55		LS2002	
243	97_thehouse	the house	1252	97_thehouse	1252	Wenlang Cuona Menba	khem55		LS2002	
244	106_theknee	the knee	1371	106_theknee	1371	Wenlang Cuona Menba				
245	112_theleaf	the leaf	628	112_theleaf	628	Wenlang Cuona Menba	blap35ma55		LS2002	
246	119_theliver	the liver	1224	119_theliver	1224	Wenlang Cuona Menba	tin55po55		LS2002	
247	121_thelouse	the louse	1392	121_thelouse	1392	Wenlang Cuona Menba	ɕi55		LS2002	
248	122_thelung	the lung	688	122_thelung	688	Wenlang Cuona Menba	lo55wa55		LS2002	
249	123_themanmalehuman	the man (male human)	2106	123_themanmalehuman	2106	Wenlang Cuona Menba	phø55tsa55		LS2002	
250	126_themeat	the meat	634	126_themeat	634	Wenlang Cuona Menba	ɕa53		LS2002	
251	128_themoon	the moon	1313	128_themoon	1313	Wenlang Cuona Menba	le55		LS2002	
252	132_themountain	the mountain	639	132_themountain	639	Wenlang Cuona Menba	ri˧˥	ri35	LS1986	
253	133_themouseorrat	the mouse or rat	2139	133_themouseorrat	2139	Wenlang Cuona Menba	ɕu35		LS2002	
254	134_themouth	the mouth	674	134_themouth	674	Wenlang Cuona Menba	kha53		LS2002	
255	135_themud	the mud	640	135_themud	640	Wenlang Cuona Menba	ɲin˧˥tsaŋ˥	ɲin35tsaŋ55	LS1986	
256	136_thenailfingernailorclaw	the nail (fingernail or claw)	2128	136_thenailfingernailorclaw	2128	Wenlang Cuona Menba	zim35poŋ55		LS2002	
257	137_thename	the name	1405	137_thename	1405	Wenlang Cuona Menba	meŋ35		LS2002	
258	140_theneck	the neck	1333	140_theneck	1333	Wenlang Cuona Menba	tap55pa55		LS2002	
259	141_theneedleforsewing	the needle (for sewing)	1382	141_theneedleforsewing	1382	Wenlang Cuona Menba	khop55		LS2002	
260	146_thenose	the nose	1221	146_thenose	1221	Wenlang Cuona Menba	na55		LS2002	
261	151_thepig	the pig	1337	151_thepig	1337	Wenlang Cuona Menba	pha55		LS2002	
262	156_therain	the rain	658	156_therain	658	Wenlang Cuona Menba	nɑm˧˥	nɑm35	LS1986	
263	163_theroad	the road	667	163_theroad	667	Wenlang Cuona Menba	lem35daŋ55		LS2002	
264	164_theroot	the root	670	164_theroot	670	Wenlang Cuona Menba	tsa55		LS2002	
265	165_therope	the rope	1218	165_therope	1218	Wenlang Cuona Menba	thek55pa55		LS2002	
266	168_thesalt	the salt	1274	168_thesalt	1274	Wenlang Cuona Menba	tsha55		LS2002	
267	170_thesand	the sand	671	170_thesand	671	Wenlang Cuona Menba	dʑe35ma55		LS2002	
268	174_theseed	the seed	714	174_theseed	714	Wenlang Cuona Menba	la55		LS2002	
269	250_theshit	the shit	676	250_theshit	676	Wenlang Cuona Menba	ɲiŋ35		LS2002	
270	180_theshoulder	the shoulder	1482	180_theshoulder	1482	Wenlang Cuona Menba	pum55pa55		LS2002	
271	185_theskin	the skin	763	185_theskin	763	Wenlang Cuona Menba	phiu55		LS2002	
272	186_thesky	the sky	1732	186_thesky	1732	Wenlang Cuona Menba	nam53		LS2002	
273	190_thesmoke	the smoke	778	190_thesmoke	778	Wenlang Cuona Menba	me35gun55		LS2002	
274	192_thesnake	the snake	730	192_thesnake	730	Wenlang Cuona Menba	mu35ri55		LS2002	
275	193_thesnow	the snow	784	193_thesnow	784	Wenlang Cuona Menba	khɑ˥wɑ˥	khɑ55wɑ55	LS1986	
276	195_theson	the son	1620	195_theson	1620	Wenlang Cuona Menba	bu35		LS2002	
277	197_thespider	the spider	843	197_thespider	843	Wenlang Cuona Menba	kaŋ55pra55mo55		LS2002	
278	200_thestar	the star	1430	200_thestar	1430	Wenlang Cuona Menba	kar55ma55		LS2002	
279	202_thestick	the stick	1295	202_thestick	1295	Wenlang Cuona Menba	khar55ba53		LS2002	
280	203_thestoneapieceof	the stone (a piece of)	857	203_thestoneapieceof	857	Wenlang Cuona Menba	gor35		LS2002	
281	205_thesun	the sun	1343	205_thesun	1343	Wenlang Cuona Menba	plaŋ55		LS2002	
282	206_thetail	the tail	1220	206_thetail	1220	Wenlang Cuona Menba	khrek55		LS2002	
283	211_thethigh	the thigh	471	211_thethigh	471	Wenlang Cuona Menba				
284	218_thethunder	the thunder	1150	218_thethunder	1150	Wenlang Cuona Menba	bruk35		LS2002	
285	222_thetongue	the tongue	1205	222_thetongue	1205	Wenlang Cuona Menba	le55		LS2002	
286	223_thetoothfront	the tooth (front)	1380	223_thetoothfront	1380	Wenlang Cuona Menba	wa55		LS2002	
287	229_thewater	the water	948	229_thewater	948	Wenlang Cuona Menba	tshi55		LS2002	
288	238_thewind	the wind	960	238_thewind	960	Wenlang Cuona Menba	xrot˥	xrot55	LS1986	
289	239_thewing	the wing	1257	239_thewing	1257	Wenlang Cuona Menba	ɕom55pek55		LS2002	
290	242_thewoman	the woman	962	242_thewoman	962	Wenlang Cuona Menba	mø35tsha55		LS2002	
291	245_theyear	the year	1226	245_theyear	1226	Wenlang Cuona Menba	niŋ55		LS2002	
292	210_thick	thick	1244	210_thick	1244	Wenlang Cuona Menba	tuk55po55		LS2002	
293	212_thinobject	thin (object)	2249	212_thinobject	2249	Wenlang Cuona Menba	ŋra35pu55		LS2002	
294	215_thousecondpersonsingular	thou [second person singular]	1215	215_thousecondpersonsingular	1215	Wenlang Cuona Menba	i55		LS2002	
295	216_three	three	492	216_three	492	Wenlang Cuona Menba	som55		LS2002	
296	13_tobite	to bite	1403	13_tobite	1403	Wenlang Cuona Menba	ŋom55mu55		LS2002	
297	21_toburnintransitive	to burn [intransitive]	1428	21_toburnintransitive	1428	Wenlang Cuona Menba				
298	22_tobuy	to buy	1869	22_tobuy	1869	Wenlang Cuona Menba	ɲeu35		LS2002	
299	23_tochew	to chew	321	23_tochew	321	Wenlang Cuona Menba	ŋlak35		LS2002	
300	27_tocome	to come	1446	27_tocome	1446	Wenlang Cuona Menba	gai35		LS2002	
301	29_tocount	to count	1420	29_tocount	1420	Wenlang Cuona Menba	tsi55		LS2002	
302	30_tocryweep	to cry (weep)	1839	30_tocryweep	1839	Wenlang Cuona Menba	ŋru35		LS2002	
303	34_todie	to die	1494	34_todie	1494	Wenlang Cuona Menba	ɕiu55		LS2002	
304	35_todig	to dig	1418	35_todig	1418	Wenlang Cuona Menba	ko55pu55		LS2002	
305	39_todrink	to drink	1401	39_todrink	1401	Wenlang Cuona Menba	thoŋ55ɲa55		LS2002	
306	46_toeat	to eat	1336	46_toeat	1336	Wenlang Cuona Menba	za35		LS2002	
307	53_tofight	to fight	1423	53_tofight	1423	Wenlang Cuona Menba	tet55tet55ma55		LS2002	
308	62_toflymovethroughair	to fly (move through air)	1441	62_toflymovethroughair	1441	Wenlang Cuona Menba	phen55		LS2002	
309	66_toforget	to forget	1523	66_toforget	1523	Wenlang Cuona Menba	ŋat35ɲi55		LS2002	
310	74_togive	to give	1447	74_togive	1447	Wenlang Cuona Menba				
311	85_tohear	to hear	1408	85_tohear	1408	Wenlang Cuona Menba	ɲa35na55		LS2002	
312	89_tohideconceal	to hide (conceal)	602	89_tohideconceal	602	Wenlang Cuona Menba	phi55		LS2002	
313	91_tohold	to hold	1448	91_tohold	1448	Wenlang Cuona Menba	zuŋ35		LS2002	
314	104_tokill	to kill	1417	104_tokill	1417	Wenlang Cuona Menba	sot53		LS2002	
315	111_tolaugh	to laugh	1355	111_tolaugh	1355	Wenlang Cuona Menba	git35tha55ru55		LS2002	
316	115_tolick	to lick	319	115_tolick	319	Wenlang Cuona Menba	ŋlɑk˧˥	ŋlɑk35	LS1986	
317	153_toplay	to play	1413	153_toplay	1413	Wenlang Cuona Menba	wa35thoŋ55		LS2002	
318	155_topush	to push	1452	155_topush	1452	Wenlang Cuona Menba	to˥gɑ˥	to55gɑ55	LS1986	
319	159_toresidelive	to reside (live)	363	159_toresidelive	363	Wenlang Cuona Menba	zu35ga35		LS2002	
320	171_toscratch	to scratch	1436	171_toscratch	1436	Wenlang Cuona Menba	re˧˥	re35	LS1986	
321	173_tosee	to see	1409	173_tosee	1409	Wenlang Cuona Menba	toŋ55ŋu55		LS2002	
322	178_toshootanarrow	to shoot (an arrow)	1172	178_toshootanarrow	1172	Wenlang Cuona Menba	phoŋ55		LS2002	
323	183_tosing	to sing	1261	183_tosing	1261	Wenlang Cuona Menba	ʨe35thoŋ55ŋa55		LS2002	
324	187_tosleep	to sleep	1585	187_tosleep	1585	Wenlang Cuona Menba	ɲe35		LS2002	
325	189_tosmellperceiveodortransitive	to smell (perceive odor) [transitive]	1586	189_tosmellperceiveodortransitive	1586	Wenlang Cuona Menba	nem35do55		LS2002	
326	198_tospit	to spit	1440	198_tospit	1440	Wenlang Cuona Menba	gop35		LS2002	
327	199_tostand	to stand	1442	199_tostand	1442	Wenlang Cuona Menba	laŋ55ŋa55		LS2002	
328	201_tosteal	to steal	713	201_tosteal	713	Wenlang Cuona Menba	kun55		LS2002	
329	213_tothinkreflect	to think (reflect)	1415	213_tothinkreflect	1415	Wenlang Cuona Menba	sem55dʐa35thaŋ55		LS2002	
330	217_tothrow	to throw	1456	217_tothrow	1456	Wenlang Cuona Menba	wat35		LS2002	
331	227_tovomit	to vomit	1278	227_tovomit	1278	Wenlang Cuona Menba	gop35		LS2002	
332	228_towalk	to walk	1443	228_towalk	1443	Wenlang Cuona Menba	ga35la55		LS2002	
333	240_towipe	to wipe	1454	240_towipe	1454	Wenlang Cuona Menba	tɕhi55		LS2002	
334	226_two	two	1498	226_two	1498	Wenlang Cuona Menba	nai35		LS2002	
335	231_wet	wet	1726	231_wet	1726	Wenlang Cuona Menba	dʑap35dʑap35		LS2002	
336	235_white	white	1335	235_white	1335	Wenlang Cuona Menba	khe55ru55		LS2002	
337	236_who	who	1235	236_who	1235	Wenlang Cuona Menba	su55		LS2002	
338	246_yellow	yellow	1424	246_yellow	1424	Wenlang Cuona Menba	ser55pu55		LS2002	
339	55_firewood	firewood	10	55_firewood	10	Mama Cuona Menba			LS1986	
340	55_firewood	firewood	10	55_firewood	10	Wenlang Cuona Menba			LS1986	
341	145_noon	noon	12	145_noon	12	Mama Cuona Menba	ȵin˧˥kuŋ˥	ȵin35kuŋ55	LS1986	
342	145_noon	noon	12	145_noon	12	Wenlang Cuona Menba	ȵin˧˥~ʑuŋ˧˥kɑ˥	ȵin35	LS1986	
343	149_theotter	the otter	15	149_theotter	15	Mama Cuona Menba	tʂAm˥˧	tʂAm53	LS1986	
344	149_theotter	the otter	15	149_theotter	15	Wenlang Cuona Menba	tsɑm˥	tsɑm55	LS1986	
345	208_that	that	78	208_that	78	Mama Cuona Menba	mo˧˥	mo35	LS1986	
346	208_that	that	78	208_that	78	Wenlang Cuona Menba	o˥mo˥	o55mo55	LS1986	
347	2_all	all	98	2_all	98	Mama Cuona Menba	tsAŋ˥mA˥˧~kA˧˥ne˥	tsAŋ55mA53	LS1986	
348	2_all	all	98	2_all	98	Wenlang Cuona Menba	ge˧˥kɑ˧˥	ge35kɑ35	LS1986	
349	88_here	here	136	88_here	136	Mama Cuona Menba	tso˧˥ko˥˧	tso35ko53	LS1986	
350	88_here	here	136	88_here	136	Wenlang Cuona Menba	tso˥ko˥	tso55ko55	LS1986	
351	92_thehoof	the hoof	152	92_thehoof	152	Mama Cuona Menba	ne˧˥wA˥˧	ne35wA53	LS1986	
352	92_thehoof	the hoof	152	92_thehoof	152	Wenlang Cuona Menba	ȵo˧˥ɕup˥	ȵo35ɕup55	LS1986	
353	16_toblowofwind	to blow (of wind)	175	16_toblowofwind	175	Mama Cuona Menba	thoʔ˥˧	thoʔ53	LS1986	
354	16_toblowofwind	to blow (of wind)	175	16_toblowofwind	175	Wenlang Cuona Menba	re˧˥	re35	LS1986	
355	17_thebodyhairhairorfur	the body hair (hair or fur)	189	17_thebodyhairhairorfur	189	Mama Cuona Menba	pu˥˧	pu53	LS1986	fur
356	17_thebodyhairhairorfur	the body hair (hair or fur)	189	17_thebodyhairhairorfur	189	Wenlang Cuona Menba	pu˥	pu55	LS1986	fur
357	116_toliedown	to lie down	215	116_toliedown	215	Mama Cuona Menba			LS1986	
358	116_toliedown	to lie down	215	116_toliedown	215	Wenlang Cuona Menba			LS1986	
359	58_theflea	the flea	232	58_theflea	232	Mama Cuona Menba	liu˥	liu55	LS1986	
360	58_theflea	the flea	232	58_theflea	232	Wenlang Cuona Menba	liu˥	liu55	LS1986	
361	63_thefog	the fog	249	63_thefog	249	Mama Cuona Menba	sA˥cAʔ˥˧	sA55cAʔ53	LS1986	
362	63_thefog	the fog	249	63_thefog	249	Wenlang Cuona Menba	sɑ˥tɕɑ˥	sɑ55tɕɑ55	LS1986	
363	144_thenit	the nit	267	144_thenit	267	Mama Cuona Menba	ʂu˥˧	ʂu53	LS1986	
364	144_thenit	the nit	267	144_thenit	267	Wenlang Cuona Menba	ʂu˥	ʂu55	LS1986	
365	105_toknead	to knead	274	105_toknead	274	Mama Cuona Menba	nuʔ˥˧	nuʔ53	LS1986	
366	105_toknead	to knead	274	105_toknead	274	Wenlang Cuona Menba	nu˥gɑ˥	nu55gɑ55	LS1986	
367	182_thesickle	the sickle	341	182_thesickle	341	Mama Cuona Menba	ŋA:˧˥zɔr˧˥	ŋA:35zɔr35	LS1986	
368	182_thesickle	the sickle	341	182_thesickle	341	Wenlang Cuona Menba	ŋɑ˧˥zor˧˥	ŋɑ35zor35	LS1986	
369	110_late	late	477	110_late	477	Mama Cuona Menba	jyt˧˥po˥˧	jyt53po53	LS1986	
370	110_late	late	477	110_late	477	Wenlang Cuona Menba	ʑyr˧˥po˥	ʑyr35po55	LS1986	
371	118_thelipthelips	the lip (the lips)	478	118_thelipthelips	478	Mama Cuona Menba	tɕhu˥tɔ˥men˥˧	tɕhu55tɔ55men53	LS1986	
372	118_thelipthelips	the lip (the lips)	478	118_thelipthelips	478	Wenlang Cuona Menba	tɕhuŋ˥min˥	tɕhuŋ55min55	LS1986	
373	181_shy	shy	487	181_shy	487	Mama Cuona Menba			LS1986	
374	181_shy	shy	487	181_shy	487	Wenlang Cuona Menba			LS1986	
375	113_tolearn	to learn	504	113_tolearn	504	Mama Cuona Menba	lop˥˧	lop53	LS1986	
376	113_tolearn	to learn	504	113_tolearn	504	Wenlang Cuona Menba	lop˥	lop55	LS1986	
377	241_thewolf	the wolf	522	241_thewolf	522	Mama Cuona Menba	ɕAŋ˥ku˥˧	ɕAŋ55ku53	LS1986	
378	241_thewolf	the wolf	522	241_thewolf	522	Wenlang Cuona Menba	pha˥ra˥	pha55ra55	LS1986	
379	77_thegrass	the grass	606	77_thegrass	606	Mama Cuona Menba	ŋøn˥	ŋøn55	LS1986	
380	77_thegrass	the grass	606	77_thegrass	606	Wenlang Cuona Menba	ŋon˥	ŋon55	LS1986	
381	95_thehorse	the horse	615	95_thehorse	615	Mama Cuona Menba	te˥˧	te53	LS1986	
382	95_thehorse	the horse	615	95_thehorse	615	Wenlang Cuona Menba	te˥	te55	LS1986	
383	102_theice	the ice	617	102_theice	617	Mama Cuona Menba	chen˥˧	chen53	LS1986	
384	102_theice	the ice	617	102_theice	617	Wenlang Cuona Menba	tɕhɑk˥ȵi˥	tɕhɑk55ȵi55	LS1986	
385	109_thelake	the lake	624	109_thelake	624	Mama Cuona Menba	tshɔ˥˧	tshɔ53	LS1986	
386	109_thelake	the lake	624	109_thelake	624	Wenlang Cuona Menba	tsho˥	tsho55	LS1986	
387	162_theriver	the river	666	162_theriver	666	Mama Cuona Menba	tshi˥˧tA˥˧	tshi53tA53	LS1986	
388	162_theriver	the river	666	162_theriver	666	Wenlang Cuona Menba	luŋ˥tɕhu˥	luŋ55tɕhu55	LS1986	
389	43_early	early	672	43_early	672	Mama Cuona Menba	ȵen˥po˥˧	ȵen55po53	LS1986	
390	43_early	early	672	43_early	672	Wenlang Cuona Menba	ŋe˥nɑ˥	ŋe55nɑ55	LS1986	
391	31_dark	dark	706	31_dark	706	Mama Cuona Menba	pleŋ˧˥pho˥˧	pleŋ35pho53	LS1986	
392	31_dark	dark	706	31_dark	706	Wenlang Cuona Menba	mi˧˥na˥	mi35na55	LS1986	
393	244_tosowbroadcastscatterseeds	to sow (broadcast, scatter seeds)	748	244_tosowbroadcastscatterseeds	748	Mama Cuona Menba	tɔr˥	tɔr55	LS1986	
394	244_tosowbroadcastscatterseeds	to sow (broadcast, scatter seeds)	748	244_tosowbroadcastscatterseeds	748	Wenlang Cuona Menba	tor˥	tor55	LS1986	
395	219_thetiger	the tiger	846	219_thetiger	846	Mama Cuona Menba	tAʔ˥˧	tAʔ53	LS1986	
396	219_thetiger	the tiger	846	219_thetiger	846	Wenlang Cuona Menba	tɑ˥	tɑ55	LS1986	
397	224_thetree	the tree	906	224_thetree	906	Mama Cuona Menba	ɕeŋ˥mA˥˧	ɕeŋ55mA53	LS1986	
398	224_thetree	the tree	906	224_thetree	906	Wenlang Cuona Menba	ɕeŋ˥	ɕeŋ55	LS1986	
399	7_thebarleytibetanorhighland	the barley (tibetan or highland)	932	7_thebarleytibetanorhighland	932	Mama Cuona Menba	nAʔ˧˥	nAʔ35	LS1986	
400	7_thebarleytibetanorhighland	the barley (tibetan or highland)	932	7_thebarleytibetanorhighland	932	Wenlang Cuona Menba	ne˧˥	ne35	LS1986	
401	233_thewheat	the wheat	1077	233_thewheat	1077	Mama Cuona Menba	kɔ˥˧	kɔ53	LS1986	
402	233_thewheat	the wheat	1077	233_thewheat	1077	Wenlang Cuona Menba	dʐo˧˥	dʐo35	LS1986	
403	169_salty	salty	1091	169_salty	1091	Mama Cuona Menba	tshA˥˧ku˥˧	tshA53ku53	LS1986	
404	169_salty	salty	1091	169_salty	1091	Wenlang Cuona Menba	tshɑ˥khau˥	tshɑ55khau55	LS1986	
405	230_wefirstpersonpluralinclusive	we [first person plural inclusive]	1131	230_wefirstpersonpluralinclusive	1131	Mama Cuona Menba	ŋA˧˥tAŋ˥˧	ŋA35tAŋ53	LS1986	
406	230_wefirstpersonpluralinclusive	we [first person plural inclusive]	1131	230_wefirstpersonpluralinclusive	1131	Wenlang Cuona Menba	ŋɑ˧˥tɑŋ˥	ŋɑ35tɑŋ55	LS1986	
407	247_yesterday	yesterday	1174	247_yesterday	1174	Mama Cuona Menba	dAŋ˧˥	dAŋ35	LS1986	
408	247_yesterday	yesterday	1174	247_yesterday	1174	Wenlang Cuona Menba	dɑŋ˧˥	dɑŋ35	LS1986	
409	237_thewife	the wife	1199	237_thewife	1199	Mama Cuona Menba	pAk˧˥ser˥	pAk35ser55	LS1986	
410	237_thewife	the wife	1199	237_thewife	1199	Wenlang Cuona Menba	bak˧˥sɑr˥	bak35sɑr55	LS1986	
411	100_thehusband	the husband	1200	100_thehusband	1200	Mama Cuona Menba	mAk˧˥po˥˧	mAk35po53	LS1986	
412	100_thehusband	the husband	1200	100_thehusband	1200	Wenlang Cuona Menba	za˧˥tshaŋ˥	za35tshaŋ55	LS1986	
413	52_thefeather	the feather	1201	52_thefeather	1201	Mama Cuona Menba	krɔ˧˥	krɔ35	LS1986	
414	52_thefeather	the feather	1201	52_thefeather	1201	Wenlang Cuona Menba	khɑ˥pu˥	khɑ55pu55	LS1986	
415	249_young	young	1207	249_young	1207	Mama Cuona Menba	nA˧˥ɕøn˥	nA35ɕøn55	LS1986	
416	249_young	young	1207	249_young	1207	Wenlang Cuona Menba	nɑ˧˥ʑøn˥	nɑ35ʑøn55	LS1986	
417	248_yousecondpersonplural	you [second person plural]	1213	248_yousecondpersonplural	1213	Mama Cuona Menba	ʔe˥˧rAʔ˥˧	ʔe53rAʔ53	LS1986	
418	248_yousecondpersonplural	you [second person plural]	1213	248_yousecondpersonplural	1213	Wenlang Cuona Menba	e˥rɑ˥	e55rɑ55	LS1986	
419	214_this	this	1214	214_this	1214	Mama Cuona Menba	tso˧˥	tso35	LS1986	
420	214_this	this	1214	214_this	1214	Wenlang Cuona Menba	o˥tso˥	o55tso55	LS1986	
421	131_themother	the mother	1216	131_themother	1216	Mama Cuona Menba	ʔA˥mA˥˧	ʔA55mA53	LS1986	
422	131_themother	the mother	1216	131_themother	1216	Wenlang Cuona Menba	ɑ˥mɑ˥	ɑ55mɑ55	LS1986	
423	51_thefather	the father	1217	51_thefather	1217	Mama Cuona Menba	ʔA˥pA˥˧	ʔA55pA53	LS1986	
424	51_thefather	the father	1217	51_thefather	1217	Wenlang Cuona Menba	ɑ˥pɑ˥	ɑ55pɑ55	LS1986	
425	191_smooth	smooth	1234	191_smooth	1234	Mama Cuona Menba	num˥tshir˥	num55tshir55	LS1986	
426	191_smooth	smooth	1234	191_smooth	1234	Wenlang Cuona Menba	te˥nɑ˥me˥mo˥	te55nɑ55me55mo55	LS1986	
427	232_what	what	1236	232_what	1236	Mama Cuona Menba	tsi˧˥	tsi35	LS1986	
428	232_what	what	1236	232_what	1236	Wenlang Cuona Menba	zi˧˥jɑ˥	zi35jɑ55	LS1986	
429	234_where	where	1237	234_where	1237	Mama Cuona Menba	kA˧˩to˥˧	kA31to53	LS1986	
430	234_where	where	1237	234_where	1237	Wenlang Cuona Menba	gɑ˧˥tɕe˥	gɑ35tɕe55	LS1986	
431	90_hightall	high / tall	1265	90_hightall	1265	Mama Cuona Menba	thɔ˥po˥˧	thɔ55po53	LS1986	
432	90_hightall	high / tall	1265	90_hightall	1265	Wenlang Cuona Menba	thyn˥pu˥	thyn55pu55	LS1986	
433	138_narrow	narrow	1267	138_narrow	1267	Mama Cuona Menba	khA˥ɕAŋ˥priu˥˧	khA55ɕAŋ55priu53	LS1986	
434	138_narrow	narrow	1267	138_narrow	1267	Wenlang Cuona Menba	pir˥tɕoŋ˥	pir55tɕoŋ55	LS1986	
435	220_today	today	1283	220_today	1283	Mama Cuona Menba	tA˧˩ɕi˥˧	tA31ɕi53	LS1986	
436	220_today	today	1283	220_today	1283	Wenlang Cuona Menba	dɑ˧˥ɕi˥	dɑ35ɕi55	LS1986	
437	5_bad	bad	1292	5_bad	1292	Mama Cuona Menba	tuk˧˥po˥˧	tuk35po53	LS1986	
438	5_bad	bad	1292	5_bad	1292	Wenlang Cuona Menba	gok˧˥pɑ˥	gok35pɑ55	LS1986	
439	24_thechildyounghuman	the child (young human)	1304	24_thechildyounghuman	1304	Mama Cuona Menba	pu˧˥sA˥˧	pu35sA53	LS1986	
440	24_thechildyounghuman	the child (young human)	1304	24_thechildyounghuman	1304	Wenlang Cuona Menba	bu˧˥tsɑ˥	bu35tsɑ55	LS1986	
441	68_thefox	the fox	1312	68_thefox	1312	Mama Cuona Menba	ʔoː˥mo˥˧	ʔoː55mo53	LS1986	
442	68_thefox	the fox	1312	68_thefox	1312	Wenlang Cuona Menba	wɑ˧˥mo˥	wɑ35mo55	LS1986	
443	221_tomorrow	tomorrow	1329	221_tomorrow	1329	Mama Cuona Menba	nA˧˩neŋ˥	nA31neŋ55	LS1986	
444	221_tomorrow	tomorrow	1329	221_tomorrow	1329	Wenlang Cuona Menba	no˧˥gor˧˥	no35gor35	LS1986	
445	177_thesheep	the sheep	1331	177_thesheep	1331	Mama Cuona Menba	rA˧˥jeŋ˧˥	rA35jeŋ35	LS1986	
446	177_thesheep	the sheep	1331	177_thesheep	1331	Wenlang Cuona Menba	rɑ˧˥jeŋ˧˥	rɑ35jeŋ35	LS1986	
447	107_knife	knife	1352	107_knife	1352	Mama Cuona Menba	chau˥˧	chau53	LS1986	
448	107_knife	knife	1352	107_knife	1352	Wenlang Cuona Menba	tɕhu˥bu˥	tɕhu55bu55	LS1986	
449	32_thedaughter	the daughter	1357	32_thedaughter	1357	Mama Cuona Menba	pu˧˥mo˥˧	pu35mo53	LS1986	
450	32_thedaughter	the daughter	1357	32_thedaughter	1357	Wenlang Cuona Menba	bu˧˥min˥	bu35min55	LS1986	
451	108_toknowsomething	to know (something)	1410	108_toknowsomething	1410	Mama Cuona Menba	khAn˥ni˥˧	khAn55ni53	LS1986	
452	108_toknowsomething	to know (something)	1410	108_toknowsomething	1410	Wenlang Cuona Menba	jik˧˥tɕhe˥	jik35tɕhe55	LS1986	
453	8_tobealive	to be alive	1422	8_tobealive	1422	Mama Cuona Menba	søn˥po˥˧	søn55po53	LS1986	
454	8_tobealive	to be alive	1422	8_tobealive	1422	Wenlang Cuona Menba	son˥po˥	son55po55	LS1986	
455	99_tohunt	to hunt	1435	99_tohunt	1435	Mama Cuona Menba	ri˧˥tAʔ˥˧jA˥˧	ri35tAʔ53jA53	LS1986	
456	99_tohunt	to hunt	1435	99_tohunt	1435	Wenlang Cuona Menba	ŋon˥biu˧˥	ŋon55biu35	LS1986	
457	154_topull	to pull	1455	154_topull	1455	Mama Cuona Menba	ʂe˥re˧˥ta˧˩	ʂe55re35ta31	LS1986	
458	154_topull	to pull	1455	154_topull	1455	Wenlang Cuona Menba	tɕu˥gu˥	tɕu55gu55	LS1986	
459	172_thesea	the sea	1474	172_thesea	1474	Mama Cuona Menba	tshɔ˥˧tA˥˧	tshɔ53tA53	LS1986	
460	172_thesea	the sea	1474	172_thesea	1474	Wenlang Cuona Menba	tsho˥	tsho55	LS1986	
461	10_belowunder	below, under	1485	10_belowunder	1485	Mama Cuona Menba	mAr˥	mAr55	LS1986	
462	10_belowunder	below, under	1485	10_belowunder	1485	Wenlang Cuona Menba	wa˥ka˥	wa55ka55	LS1986	
463	152_toplantvegetalsrice	to plant (vegetals, rice)	1486	152_toplantvegetalsrice	1486	Mama Cuona Menba	tɕut˥	tɕut55	LS1986	
464	152_toplantvegetalsrice	to plant (vegetals, rice)	1486	152_toplantvegetalsrice	1486	Wenlang Cuona Menba	keu˥	keu55	LS1986	
465	130_themosquito	the mosquito	1509	130_themosquito	1509	Mama Cuona Menba	tɕut˧˥pA˥˧kAŋ˥riŋ˧˥	tɕut35pA53kAŋ55riŋ35	LS1986	
466	130_themosquito	the mosquito	1509	130_themosquito	1509	Wenlang Cuona Menba	phu˥li˥	phu55li55	LS1986	
467	167_torun	to run	1519	167_torun	1519	Mama Cuona Menba	pir˧˥	pir35	LS1986	
468	167_torun	to run	1519	167_torun	1519	Wenlang Cuona Menba	tɕhuŋ˥	tɕhuŋ55	LS1986	
469	59_tofloat	to float	1574	59_tofloat	1574	Mama Cuona Menba	haŋ˥jɑ˧˥	haŋ55jɑ35	LS1986	
470	59_tofloat	to float	1574	59_tofloat	1574	Wenlang Cuona Menba	bon˧˥	bon35	LS1986	
471	98_hundred	hundred	1634	98_hundred	1634	Mama Cuona Menba	chɛʔ˥˧le˧˩ŋe˥˧	chɛʔ53le31ŋe53	LS1986	
472	98_hundred	hundred	1634	98_hundred	1634	Wenlang Cuona Menba	khɑi˥le˧˥ŋɑ˥	khɑi55le35ŋɑ55	LS1986	
473	225_twenty	twenty	1710	225_twenty	1710	Mama Cuona Menba	khA˥li˥˧	khA55li53	LS1986	
474	225_twenty	twenty	1710	225_twenty	1710	Wenlang Cuona Menba	khɑ˥li˥	khɑ55li55	LS1986	
475	28_correctright	correct (right)	1725	28_correctright	1725	Mama Cuona Menba	tAk˧˥po˥˧	tAk35po53	LS1986	
476	28_correctright	correct (right)	1725	28_correctright	1725	Wenlang Cuona Menba	jɑŋ˧˥dɑk˧˥pɑ˥	jɑŋ35dɑk35pɑ55	LS1986	
477	157_therainbow	the rainbow	1733	157_therainbow	1733	Mama Cuona Menba	ȵA˥˧	ȵA53	LS1986	
478	157_therainbow	the rainbow	1733	157_therainbow	1733	Wenlang Cuona Menba	dʑɑ˧˥	dʑɑ35	LS1986	
479	1_above	above	1741	1_above	1741	Mama Cuona Menba	jAr˥	jAr55	LS1986	
480	1_above	above	1741	1_above	1741	Wenlang Cuona Menba	ȵa˧˥ka˥	ȵa35ka55	LS1986	
481	243_thewoodmaterial	the wood (material)	1803	243_thewoodmaterial	1803	Mama Cuona Menba	ɕeŋ˥	ɕeŋ55	LS1986	
482	243_thewoodmaterial	the wood (material)	1803	243_thewoodmaterial	1803	Wenlang Cuona Menba	ɕeŋ˥duŋ˧˥	ɕeŋ55duŋ35	LS1986	
483	196_thesparrow	the sparrow	1854	196_thesparrow	1854	Mama Cuona Menba	tɕøː˧˥pe˧˩	tɕøː35pe31	LS1986	
484	196_thesparrow	the sparrow	1854	196_thesparrow	1854	Wenlang Cuona Menba	ʑu˧˥bu˥	ʑu35bu55	LS1986	
485	4_thearmpit	the armpit	1886	4_thearmpit	1886	Mama Cuona Menba	tɕhen˥ko˥	tɕhen55ko55	LS1986	
486	4_thearmpit	the armpit	1886	4_thearmpit	1886	Wenlang Cuona Menba	tɕhan˥tɕuŋ˥	tɕhan55tɕuŋ55	LS1986	
487	209_there	there	1937	209_there	1937	Mama Cuona Menba	mo˧˥ko˥˧	mo35ko53	LS1986	
488	209_there	there	1937	209_there	1937	Wenlang Cuona Menba	tho˥	tho55	LS1986	
489	60_toflow	to flow	2003	60_toflow	2003	Mama Cuona Menba	cur˧˥jA˧˥	cur35jA35	LS1986	
490	60_toflow	to flow	2003	60_toflow	2003	Wenlang Cuona Menba	dʑur˧˥	dʑur35	LS1986	
491	160_thericeplant	the rice plant	2026	160_thericeplant	2026	Mama Cuona Menba	dem˧˥	dem35	LS1986	
492	160_thericeplant	the rice plant	2026	160_thericeplant	2026	Wenlang Cuona Menba	dep˧˥	dep35	LS1986	
493	71_thefrost	the frost	2034	71_thefrost	2034	Mama Cuona Menba	phlA˥khu˥˧	phlA55khu53	LS1986	
494	71_thefrost	the frost	2034	71_thefrost	2034	Wenlang Cuona Menba	phrɑ˥ɣu˥	phrɑ55ɣu55	LS1986	
495	147_oldofperson	old (of person)	2112	147_oldofperson	2112	Mama Cuona Menba	kAt˧˥po˥˧	kAt35po53	LS1986	
496	147_oldofperson	old (of person)	2112	147_oldofperson	2112	Wenlang Cuona Menba	ge˧˥pu˥	ge35pu55	LS1986	
497	125_tomarryamanmarriesawoman	to marry (a man marries a woman)	2164	125_tomarryamanmarriesawoman	2164	Mama Cuona Menba	liŋ˧˥	liŋ35	LS1986	
498	125_tomarryamanmarriesawoman	to marry (a man marries a woman)	2164	125_tomarryamanmarriesawoman	2164	Wenlang Cuona Menba	tsheu˥	tsheu55	LS1986	
499	45_theearthworm	the earthworm	2350	45_theearthworm	2350	Mama Cuona Menba	ȵA˥le˥˧kun˧˥pu˥˧	ȵA55le53kun35pu53	LS1986	
500	45_theearthworm	the earthworm	2350	45_theearthworm	2350	Wenlang Cuona Menba	tɕoŋ˥ɡøn˧˥	tɕoŋ55ɡøn35	LS1986	
501	93_horizontal	horizontal	2376	93_horizontal	2376	Mama Cuona Menba	phren˥mo˥˧	phren55mo53	LS1986	
502	93_horizontal	horizontal	2376	93_horizontal	2376	Wenlang Cuona Menba	tɑŋ˥ŋu˥	tɑŋ55ŋu55	LS1986	