RID	concept	doculect	value	form	source
1	buffalo	Bangru	miŋdə(k)	miŋdə(k)	B&L15
2	sugarcane	Bangru	bapi̤ː	bapi̤ː	B&L15
3	mosquito	Bangru	taruŋ	taruŋ	B&L15
4	duck	Bangru	pəd͡ʑap	pədʑap	B&L15
5	maize	Bangru	təpuː	təpuː	B&L15
6	chili	Bangru	jədaː	jədaː	B&L15
7	spider	Bangru	aparaŋga	aparaŋga	B&L15
8	banana	Bangru	kɔpà̫(ʔ)	kɔpà̫(ʔ)	B&L15
9	lizard	Bangru	sod͡ʑəŋ (sopəŋ)	sodʑəŋ (sopəŋ)	B&L15
10	tired	Bangru	apiː	apiː	B&L15
11	gold	Bangru	aiŋ	aiŋ	B&L15
12	rainbow	Bangru	harigogo	harigogo	B&L15
13	elbow	Bangru	laabəŋ	laabəŋ	B&L15
14	back	Bangru	"kəjoŋ; məkət͡ɕàì"	"kəjoŋ; məkətɕàì"	B&L15
15	knee	Bangru	ləbəŋ	ləbəŋ	B&L15
16	left	Bangru	laʔt͡ʃi	laʔtʃi	B&L15
17	right	Bangru	laʔbjɛk	laʔbjɛk	B&L15
18	dog	Bangru	sopɛː	sopɛː	B&L15
19	branch	Bangru	aːʔ	aːʔ	B&L15
20	love	Bangru	poː	poː	B&L15
21	buffalo	EMiji	ɕəkəram ~ ɕəkʰam	ɕəkəram ~ ɕəkʰam	
22	sugarcane	EMiji	kəlaŋdʒan	kəlaŋdʒan	
23	mosquito	EMiji	sirdoŋmai ~ sirijoŋdaŋmai	sirdoŋmai ~ sirijoŋdaŋmai	
24	duck	EMiji	ũso	ũso	
25	maize	EMiji	ɕə̌ban ~ ʃibat	ɕəban ~ ʃibat	
26	chili	EMiji	dʒaijo	dʒaijo	
27	spider	EMiji	nərija(nam)	nərija(nam)	
28	banana	EMiji	ləlaŋ	ləlaŋ	
29	lizard	EMiji	gusuman	gusuman	
30	tired	EMiji	ɬə ~ lə	ɬə ~ lə	
31	gold	EMiji	seʔ ~ san	seʔ ~ san	
32	rainbow	EMiji	jomonəkəi	jomonəkəi	
33	elbow	EMiji	paʔtʃəŋkaŋ ~ patʃeka 	paʔtʃəŋkaŋ ~ patʃeka 	
34	back	EMiji	kəbaŋ	kəbaŋ	
35	knee	EMiji	lekəpiu	lekəpiu	
36	left	EMiji	sivijo	sivijo	
37	right	EMiji	ɕədʒen	ɕədʒen	
38	dog	EMiji	zazai	zazai	
39	branch	EMiji	gonotʃaŋ ~ mənətʃaŋ	gonotʃaŋ ~ mənətʃaŋ	
40	love	EMiji	mədʒovəna ~ loraŋ	mədʒovəna ~ loraŋ	
41	buffalo	WMiji	ʃukʰre ~ ʃəkʰen	ʃukʰre ~ ʃəkʰen	
42	sugarcane	WMiji	gəlaŋdʒaŋ ~ gedaŋ	gəlaŋdʒaŋ ~ gedaŋ	
43	mosquito	WMiji	sərədaŋ ~ sirijaŋdo ~ suriŋdaŋ	sərədaŋ ~ sirijaŋdo ~ suriŋdaŋ	
44	duck	WMiji	ũso ~ muso ~ husõ	ũso ~ muso ~ husõ	
45	maize	WMiji	sibeʔ	sibeʔ	
46	chili	WMiji	dʒaju ~ dʒau	dʒaju ~ dʒau	
47	spider	WMiji	baʃidərgau ~ batʃibegau ~ basidərgiaŋ	baʃidərgau ~ batʃibegau ~ basidərgiaŋ	
48	banana	WMiji	rilang	rilang	
49	lizard	WMiji	bətʃabətʃi/t͡ʃuŋkʰaŋkjuŋ	bətʃabətʃi/tʃuŋkʰaŋkjuŋ	
50	tired	WMiji	ɬə ~ lə	ɬə ~ lə	
51	gold	WMiji	ʃə ~ sen	ʃə ~ sen	
52	rainbow	WMiji	rumudəkʰre ~ dʒimodəkʰe ~ dʒumodəkʰre	rumudəkʰre ~ dʒimodəkʰe ~ dʒumodəkʰre	
53	elbow	WMiji	paŋtrəŋkʰu ~ patʃiŋku	paŋtrəŋkʰu ~ patʃiŋku	
54	back	WMiji	(mə)gəbaŋ	(mə)gəbaŋ	
55	knee	WMiji	lekəpiu ~ legəpʰu ~ leikʰu	lekəpiu ~ legəpʰu ~ leikʰu	
56	left	WMiji	sivijo ~ savijo	sivijo ~ savijo	
57	right	WMiji	sidʒən ~ sidʒiŋ	sidʒən ~ sidʒiŋ	
58	dog	WMiji	ʃadʒi ~ sadʒik ~ ʃazeʔ	ʃadʒi ~ sadʒik ~ ʃazeʔ	
59	branch	WMiji	mətʃitʃau ~ (o/u)dətʃa(ŋ)	mətʃitʃau ~ (o/u)dətʃa(ŋ)	
60	love	WMiji	"luŋdʒaŋ ~ avirə ~ matʃodori; luŋʒaŋ (SM)"	"luŋdʒaŋ ~ avirə ~ matʃodori; luŋʒaŋ (SM)"	
61	buffalo	Hruso	"ɸəmə; fumu (SA)"	"ɸəmə; fumu (SA)"	
62	sugarcane	Hruso	d̪ǔgo	dugo	
63	mosquito	Hruso	səxən (SA)	səxən (SA)	
64	duck	Hruso	"ʔosa; asa (SA)"	"ʔosa; asa (SA)"	
65	maize	Hruso	"sə̌be; t͡sibje (SA)"	"səbe; tsibje (SA)"	
66	chili	Hruso	adə	adə	
67	spider	Hruso	ʃagəxa	ʃagəxa	
68	banana	Hruso	xol̪o	xol̪o	
69	lizard	Hruso	-	Ø	
70	tired	Hruso	la	la	
71	gold	Hruso	ʃə	ʃə	
72	rainbow	Hruso	"ɲedʒiləgo; jed͡ʒǎʃə (SA)"	"ɲedʒiləgo; jedʒǎʃə (SA)"	
73	elbow	Hruso	apobe	apobe	
74	back	Hruso	"ʔə̌tʃəbo; ot͡səbo (SA)"	"ʔətʃəbo; otsəbo (SA)"	
75	knee	Hruso	"ʔəʃpə; əʃipʰə (SA)"	"ʔəʃpə; əʃipʰə (SA)"	
76	left	Hruso	"ɸovo; pʰəvo (SA)"	"ɸovo; pʰəvo (SA)"	
77	right	Hruso	"tʃədʒə; sət͡zə (SA)"	"tʃədʒə; sətzə (SA)"	
78	dog	Hruso	"ʃyjo; səljo ~ t͡səlo (SA)"	"ʃyjo; səljo ~ tsəlo (SA)"	
79	branch	Hruso	ʃoɸo, ʔoɸotsa	ʃoɸo, ʔoɸotsa	
80	love	Hruso	"nalbo; nələvo (SA)"	"nalbo; nələvo (SA)"	
81	aconite	Bangru	nәpõː	nәpõː	
82	ant	Bangru	səɲiː	səɲiː	
83	awake	Bangru	piː	piː	
84	axe	Bangru	pərd͡ʑɛiŋ ~ purud͡ʑin	pərdʑɛiŋ ~ purudʑin	
85	bad	Bangru	mənɛ̃ĩ(ŋ)	mənɛ̃ĩ(ŋ)	
86	bamboo (big)	Bangru	baː	baː	
87	bark (tree)	Bangru	gəpjaː	gəpjaː	
88	bear	Bangru	sət͡ɕõː	sətɕõː	
89	bee	Bangru	maìˀ	maìˀ	
90	big (thick, wide)	Bangru	"mədua; məbjaː ~ məbɛː"	"mədua; məbjaː ~ məbɛː"	
91	bird	Bangru	pәd͡ʑuː 	pәdʑuː 	
92	bite	Bangru	toː	toː	
93	bitter	Bangru	kəkjoː	kəkjoː	
94	blanket	Bangru	kambol	kambol	
95	blood	Bangru	jaː	jaː	
96	blow	Bangru	màìˀ	màìˀ	
97	body	Bangru	məd͡ʑòˀ	mədʑòˀ	
98	body hair, feather	Bangru	məməŋ	məməŋ	
99	boil (water)	Bangru	luː	luː	
100	bone	Bangru	məriː	məriː	
101	bow	Bangru	kəràìˀ	kəràìˀ	
102	breath	Bangru	sòˀ	sòˀ	
103	"breast; milk"	Bangru	mənəŋ	mənəŋ	
104	broom	Bangru	sjaː	sjaː	
105	burn	Bangru	"(mɛː) d͡ʑoː; blɤ53 (LB)"	"(mɛː) dʑoː; blɤ53 (LB)"	
106	"cane; rope"	Bangru	suː ~ ɕuː	suː ~ ɕuː	
107	chicken	Bangru	doː	doː	
108	child	Bangru	məd͡ʑuː	mədʑuː	
109	chin	Bangru	məguː	məguː	
110	cloth	Bangru	gìˀ	gìˀ	
111	cloud	Bangru	waːwəː	waːwəː	
112	coal	Bangru	mjɛːpeːziŋ ~ mɛːpəziŋ	mjɛːpeːziŋ ~ mɛːpəziŋ	
113	cook	Bangru	kuː	kuː	
114	cooking oil	Bangru	tiːliː ~ t͡ɕənɛː	tiːliː ~ tɕənɛː	
115	copula	Bangru	wi	wi	
116	cow	Bangru	səː	səː	
117	cry	Bangru	k(j)eː	k(j)eː	
118	cut	Bangru	tɛ ~ tæ	tɛ ~ tæ	
119	day	Bangru	aguː	aguː	
120	dead body	Bangru	sәmoː	sәmoː	
121	deep	Bangru	mərjuː	mərjuː	
122	die	Bangru	tai	tai	
123	dig	Bangru	taː	taː	
124	dirty	Bangru	ɲət͡ɕi̤	ɲətɕi̤	
125	do	Bangru	ruː	ruː	
126	door	Bangru	nepãĩ	nepãĩ	
127	dream	Bangru	tjamәː	tjamәː	
128	drink	Bangru	toŋ ~ tuŋ	toŋ ~ tuŋ	
129	dry	Bangru	məkiː	məkiː	
130	eat	Bangru	t͡ɕùˀ ~ t͡ɕə̀ˀ	tɕùˀ ~ tɕə̀ˀ	
131	egg	Bangru	doːrɛiŋ	doːrɛiŋ	
132	eight	Bangru	sәgàìˀ	sәgàìˀ	
133	elder brother	Bangru	akoː	akoː	
134	elephant	Bangru	sətɛː ~ sətəː	sətɛː ~ sətəː	
135	empty	Bangru	məheː (ruaroŋ)	məheː (ruaroŋ)	
136	excrete, defecate	Bangru	(lai)t͡ɕai	(lai)tɕai	
137	excrement	Bangru	lai	lai	
138	eye	Bangru	mejàˀ	mejàˀ	
139	far	Bangru	arəŋ	arəŋ	
140	fat (n)	Bangru	məbaː	məbaː	
141	fear	Bangru	ɲirimɛ̀ˀ	ɲirimɛ̀ˀ	
142	few	Bangru	miːgəmɛ	miːgəmɛ	
143	fight	Bangru	warɛː	warɛː	
144	finger	Bangru	məgɛit͡ɕoa	məgɛitɕoa	
145	fire	Bangru	mɛː	mɛː	
146	fireplace	Bangru	làˀ	làˀ	
147	fish	Bangru	t͡səd͡zəmɛː	tsədzəmɛː	
148	five	Bangru	pəŋuː	pəŋuː	
149	flow	Bangru	saː	saː	
150	flower	Bangru	məbuaː	məbuaː	
151	friend	Bangru	mәd͡ʑua	mәdʑua	
152	frog	Bangru	d͡ʑəː	dʑəː	
153	fruit	Bangru	mətɛ̃ː	mətɛ̃ː	
154	four	Bangru	puruwɛ̃ĩ	puruwɛ̃ĩ	
155	full	Bangru	ləŋbəla	ləŋbəla	
156	garlic, onion	Bangru	jəkɛ̃ĩ	jəkɛ̃ĩ	
157	give	Bangru	bai	bai	
158	goat	Bangru	səpɛ̃ĩ	səpɛ̃ĩ	
159	grandfather	Bangru	məloː ~ aloː	məloː ~ aloː	
160	grandmother	Bangru	aseː ~ məseː	aseː ~ məseː	
161	grass	Bangru	rəsjaːrɛː ~ rəsɛːrɛː	rəsjaːrɛː ~ rəsɛːrɛː	
162	grind, crush	Bangru	ràìˀ	ràìˀ	
163	guts	Bangru	mələguː	mələguː	
164	hair	Bangru	gə́pɨ̀	gə́pɨ̀	
165	hard	Bangru	məloː	məloː	
166	hammer	Bangru	martolə	martolə	
167	hand, arm	Bangru	məgɛ̀ìˀ	məgɛ̀ìˀ	
168	"have; exist"	Bangru	duː	duː	
169	head	Bangru	goːkɛ̃ĩŋ	goːkɛ̃ĩŋ	
170	heart	Bangru	məloŋwəː	məloŋwəː	
171	heavy	Bangru	latəŋ	latəŋ	
172	horn	Bangru	mәsu	mәsu	
173	horse	Bangru	goːraː	goːraː	
174	house	Bangru	neː	neː	
175	how many	Bangru	kəɲəruː 	kəɲəruː 	
176	human	Bangru	ləwəː ~ nəwəː	ləwəː ~ nəwəː	
177	hundred	Bangru	ləŋ	ləŋ	
178	ill	Bangru	nua ~ noa	nua ~ noa	
179	insect	Bangru	bәːloŋ	bәːloŋ	
180	iron	Bangru	səː	səː	
181	itch	Bangru	kəd͡ʑùˀ	kədʑùˀ	
182	kick	Bangru	paː	paː	
183	kill	Bangru	gjaː	gjaː	
184	knife	Bangru	wɛːt͡səŋ	wɛːtsəŋ	
185	know	Bangru	niː	niː	
186	laugh	Bangru	tua	tua	
187	leaf	Bangru	mərjɛ̀ˀ	mərjɛ̀ˀ	
188	leech	Bangru	ləwɛ̀ˀ	ləwɛ̀ˀ	
189	leg	Bangru	məlɛː	məlɛː	
190	lick	Bangru	kəloː	kəloː	
191	lift	Bangru	lõ(ŋ)	lõ(ŋ)	
192	light	Bangru	lətõː	lətõː	
193	liquor	Bangru	t͡ɕiː	tɕiː	
194	listen, hear	Bangru	rɛi	rɛi	
195	live, grow up	Bangru	səŋ	səŋ	
196	liver/lungs	Bangru	mətɛ̃ĩ	mətɛ̃ĩ	
197	long	Bangru	"məpaŋ; mə31 braŋ55 (LD)"	"məpaŋ; mə31 braŋ55 (LD)"	
198	look, see	Bangru	gõː	gõː	
199	louse	Bangru	sàˀ	sàˀ	
200	"make; do"	Bangru	da ~ dɛː	da ~ dɛː	
201	man (male)	Bangru	ɲəwiː	ɲəwiː	
202	meat	Bangru	sùˀ ~ ɕùˀ	sùˀ ~ ɕùˀ	
203	medicine	Bangru	doːwai	doːwai	
204	melt	Bangru	"ŋua ~ gua; d͡ʑɛː"	"ŋua ~ gua; dʑɛː"	
205	month	Bangru	lùˀ	lùˀ	
206	moon	Bangru	aloː ləbai	aloː ləbai	
207	mountain	Bangru	gaŋ ~ səpiː	gaŋ ~ səpiː	
208	"mouth; language"	Bangru	məɲəŋ	məɲəŋ	
209	mortar	Bangru	ləraː	ləraː	
210	mother	Bangru	mәɲɛː ~ aɲɛː	mәɲɛː ~ aɲɛː	
211	name	Bangru	məmjəŋ	məmjəŋ	
212	near	Bangru	mərɛː	mərɛː	
213	neg. imp.	Bangru	tu-	tuØ	
214	new	Bangru	məkərəː	məkərəː	
215	night	Bangru	nəgaː ~ agaː	nəgaː ~ agaː	
216	nine	Bangru	sətəŋ	sətəŋ	
217	nose	Bangru	mikoː ~  məɲəkoː	mikoː ~  məɲəkoː	
218	old	Bangru	məɕuaː	məɕuaː	
219	one	Bangru	akə̃ː ~ akɨː	akə̃ː ~ akɨː	
220	otter	Bangru	sẽː	sẽː	
221	paddy rice	Bangru	ɛ̃ː	ɛ̃ː	
222	penis	Bangru	məlòˀ	məlòˀ	
223	pestle	Bangru	pəlaː	pəlaː	
224	pig	Bangru	jùˀ	jùˀ	
225	pillow	Bangru	gokɛ̃ĩ	gokɛ̃ĩ	
226	pull	Bangru	saː	saː	
227	put	Bangru	wuː ~ vuː	wuː ~ vuː	
228	rain	Bangru	nədiː	nədiː	
229	red	Bangru	jat͡ɕòˀ	jatɕòˀ	
230	revenge	Bangru	raː	raː	
231	ring	Bangru	gəleˀ	gəleˀ	
232	river	Bangru	wəgoː	wəgoː	
233	road	Bangru	rɛːbõ	rɛːbõ	
234	root	Bangru	məkɛ̃ĩ ~ məltù	məkɛ̃ĩ ~ məltù	
235	round	Bangru	məwəː	məwəː	
236	rub	Bangru	pəsɛi	pəsɛi	
237	run	Bangru	biː	biː	
238	sago palm	Bangru	ləwoː	ləwoː	
239	salt	Bangru	ruː	ruː	
240	sand	Bangru	səgaiʔ	səgaiʔ	
241	seed	Bangru	mətɛ̃ː	mətɛ̃ː	
242	sell	Bangru	laː	laː	
243	seven	Bangru	məwàìˀ	məwàìˀ	
244	sew	Bangru	kàìˀ	kàìˀ	
245	short	Bangru	"mərõŋ; mə31 ŋoŋ55 (LD)"	"mərõŋ; mə31 ŋoŋ55 (LD)"	
246	shoulder	Bangru	(mə)potɕ(i̤)	(mə)potɕ(i̤)	
247	sister (elder)	Bangru	amaː ~ momoa	amaː ~ momoa	
248	sit, stay	Bangru	d͡ʑùˀ	dʑùˀ	
249	six	Bangru	rèˀ	rèˀ	
250	skin	Bangru	məpjaː	məpjaː	
251	sky	Bangru	ɲədəluː	ɲədəluː	
252	sleep	Bangru	d͡ʑeː	dʑeː	
253	smell (v)	Bangru	rɛ̃ː	rɛ̃ː	
254	smoke (n.)	Bangru	mɛkəː	mɛkəː	
255	snake	Bangru	bəː	bəː	
256	snow	Bangru	tərɛ̃ː	tərɛ̃ː	
257	soft, smooth	Bangru	ləpəriː ~ ləpriː	ləpəriː ~ ləpriː	
258	soil	Bangru	nòˀ	nòˀ	
259	speak	Bangru	teː	teː	
260	spear	Bangru	gət͡ɕəŋ	gətɕəŋ	
261	spicy	Bangru	sәː	sәː	
262	spittle	Bangru	jèˀ	jèˀ	
263	split	Bangru	prjɛː ~ prɛː	prjɛː ~ prɛː	
264	stab, punch	Bangru	koː	koː	
265	stand	Bangru	giː	giː	
266	star	Bangru	lət͡ɕɨː	lətɕɨː	
267	steal	Bangru	ləkəː	ləkəː	
268	storehouse, granary	Bangru	t͡ɕuː	tɕuː	
269	straight	Bangru	məkəroː	məkəroː	
270	suck	Bangru	pənuŋ	pənuŋ	
271	sun	Bangru	d͡ʑùˀ	dʑùˀ	
272	swallow	Bangru	pəlja ~ pɛː	pəlja ~ pɛː	
273	sweet	Bangru	d͡ʑaŋ	dʑaŋ	
274	swell	Bangru	ləŋ	ləŋ	
275	(swidden) field	Bangru	waː	waː	
276	swim	Bangru	d͡ʑaː	dʑaː	
277	tail	Bangru	mələwjaː	mələwjaː	
278	take	Bangru	ləː	ləː	
279	tell	Bangru	t͡ɕatə	tɕatə	
280	ten	Bangru	rəŋ	rəŋ	
281	that	Bangru	pɛt͡ɕi̤ 	pɛtɕi̤ 	
282	that (lower)	Bangru	put͡ɕ(i̤)	putɕ(i̤)	
283	thigh	Bangru	məruː	məruː	
284	think	Bangru	miː	miː	
285	this	Bangru	həŋ	həŋ	
286	thread	Bangru	nùˀ ~ nuː	nùˀ ~ nuː	
287	three	Bangru	kətɛ̃ĩ	kətɛ̃ĩ	
288	thorn	Bangru	kəd͡ʑə̀ˀ	kədʑə̀ˀ	
289	thousand	Bangru	"ləŋrəŋ; d͡ʑər akɨː"	"ləŋrəŋ; dʑər akɨː"	
290	tongue	Bangru	məɲəŋ pəljaː 	məɲəŋ pəljaː 	
291	tooth	Bangru	mətuː	mətuː	
292	tree	Bangru	gənɛː	gənɛː	
293	turquoise	Bangru	juː	juː	
294	two	Bangru	kərɛi	kərɛi	
295		Bangru			
296	uncooked rice	Bangru	ɛ̃ːlәgɛ̃ĩ	ɛ̃ːlәgɛ̃ĩ	
297	vegetable	Bangru	peː	peː	
298	vomit	Bangru	muː	muː	
299	walk	Bangru	djaː  ~ dɛi	djaː  ~ dɛi	
300	hot, warm	Bangru	it͡ɕòˀ ~ jət͡ɕòˀ	itɕòˀ ~ jətɕòˀ	
301	water	Bangru	wiː	wiː	
302	waterfall	Bangru	kuase(ŋ)	kuase(ŋ)	
303	weave	Bangru	t͡sai ~ t͡ɕai	tsai ~ tɕai	
304	what	Bangru	təŋ	təŋ	
305	where	Bangru	kəː	kəː	
306	white	Bangru	ləpuː	ləpuː	
307	who	Bangru	tiːwoː	tiːwoː	
308	wind	Bangru	loa	loa	
309	window	Bangru	"iːriŋ; paːruŋ ~ puaːruŋ"	"iːriŋ; paːruŋ ~ puaːruŋ"	
310	wing	Bangru	mət͡ɕùˀ	mətɕùˀ	
311	with	Bangru	d͡ʑərə	dʑərə	
312	wood	Bangru	goː	goː	
313	woman	Bangru	ɲəwɛː	ɲəwɛː	
314	year	Bangru	anәŋnәŋ	anәŋnәŋ	
315	yesterday	Bangru	tәgaː	tәgaː	
316	younger sibling	Bangru	mәrәː	mәrәː	
317	1SG	Bangru	ɲoː	ɲoː	
318	2SG	Bangru	niː ~ ɲiː	niː ~ ɲiː	
319	3SG	Bangru	pɛt͡ɕi̤̤	pɛtɕi̤̤	
320	1DU	Bangru	ka:re:	ka:re:	
321	1PL	Bangru	kaɲiː ~ kaniː	kaɲiː ~ kaniː	
322	2PL	Bangru	"niː; d͡ʑeː"	"niː; dʑeː"	
323	3PL	Bangru	d͡ʑeː(mələŋ/ kadɨ)	dʑeː(mələŋ/ kadɨ)	
324	aconite	EMiji	-	Ø	
325	ant	EMiji	ɕəni	ɕəni	
326	awake	EMiji	-	Ø	
327	axe	EMiji	pə̆lə ~ pʰĕlu	pələ ~ pʰelu	
328	bad	EMiji	məni	məni	
329	bamboo (big)	EMiji	brau ~ brə	brau ~ brə	
330	bark (tree)	EMiji	-	Ø	
331	bear	EMiji	ʃitʃaŋ	ʃitʃaŋ	
332	bee	EMiji	miʔ ~ mai	miʔ ~ mai	
333	big (thick, wide)	EMiji	mədəbu ~ mədo	mədəbu ~ mədo	
334	bird	EMiji	bədʒi ~ pəɕə	bədʒi ~ pəɕə	
335	bite	EMiji	ta ~ taʔna	ta ~ taʔna	
336	bitter	EMiji	məkʰu	məkʰu	
337	blanket	EMiji	kombolo	kombolo	
338	blood	EMiji	medʒai ~ ʒi	medʒai ~ ʒi	
339	blow	EMiji	-	Ø	
340	body	EMiji	ʒai	ʒai	
341	body hair, feather	EMiji	-	Ø	
342	boil (water)	EMiji	dʒom ~ zəmna	dʒom ~ zəmna	
343	bone	EMiji	mariaŋ	mariaŋ	
344	bow	EMiji	kə̆rai	kərai	
345	breath	EMiji	-	Ø	
346	"breast; milk"	EMiji	mənaŋ ~ nag	mənaŋ ~ nag	
347	broom	EMiji	namʃoi ~ namɕoirə	namʃoi ~ namɕoirə	
348	burn	EMiji	frəna	frəna	
349	"cane; rope"	EMiji	-	Ø	
350	chicken	EMiji	dou	dou	
351	child	EMiji	-	Ø	
352	chin	EMiji	gutʃa(ʔ)	gutʃa(ʔ)	
353	cloth	EMiji	gije	gije	
354	cloud	EMiji	maimaŋ ~  maimər	maimaŋ ~  maimər	
355	coal	EMiji	-	Ø	
356	cook	EMiji	kə ~ kʰu	kə ~ kʰu	
357	cooking oil	EMiji	pandʒaŋvə	pandʒaŋvə	
358	copula	EMiji	-	Ø	
359	cow	EMiji	ʃufə	ʃufə	
360	cry	EMiji	krəmna	krəmna	
361	cut	EMiji	taina ~ rap ~ voăna	taina ~ rap ~ voana	
362	day	EMiji	gijaŋtaŋ	gijaŋtaŋ	
363	dead body	EMiji	-	Ø	
364	deep	EMiji	mərə	mərə	
365	die	EMiji	teina	teina	
366	dig	EMiji	-	Ø	
367	dirty	EMiji	-	Ø	
368	do	EMiji	rəna ~ ru	rəna ~ ru	
369	door	EMiji	banpi ~ vapʰi	banpi ~ vapʰi	
370	dream	EMiji	taimat~ taiməna	taimat~ taiməna	
371	drink	EMiji	tʰoŋ ~ toŋna	tʰoŋ ~ toŋna	
372	dry	EMiji	mekʰijan	mekʰijan	
373	eat	EMiji	tʃu ~  tʃəna	tʃu ~  tʃəna	
374	egg	EMiji	doriŋ ~ doriet	doriŋ ~ doriet	
375	eight	EMiji	ɕəgə	ɕəgə	
376	elder brother	EMiji	kəvoi	kəvoi	
377	elephant	EMiji	atai	atai	
378	empty	EMiji	mihijaŋ	mihijaŋ	
379	excrete, defecate	EMiji	-	Ø	
380	excrement	EMiji	-	Ø	
381	eye	EMiji	mẽ	mẽ	
382	far	EMiji	mərən	mərən	
383	fat (n)	EMiji	məmbau ~ məmbou	məmbau ~ məmbou	
384	fear	EMiji	-	Ø	
385	few	EMiji	mija	mija	
386	fight	EMiji	-	Ø	
387	finger	EMiji	gitʃoʔ ~ ditʃo	gitʃoʔ ~ ditʃo	
388	fire	EMiji	mai	mai	
389	fireplace	EMiji	-	Ø	
390	fish	EMiji	tʃoi	tʃoi	
391	five	EMiji	puŋu	puŋu	
392	flow	EMiji	-	Ø	
393	flower	EMiji	gəbo	gəbo	
394	friend	EMiji	mədʒo	mədʒo	
395	frog	EMiji	dʒou	dʒou	
396	fruit	EMiji	gutan	gutan	
397	four	EMiji	pəlei	pəlei	
398	full	EMiji	ləndaŋ ~ len	ləndaŋ ~ len	
399	garlic, onion	EMiji	kiomu ~ kemoŋ	kiomu ~ kemoŋ	
400	give	EMiji	bai ~ beina	bai ~ beina	
401	goat	EMiji	ʃəpen ~ ɕuprem	ʃəpen ~ ɕuprem	
402	grandfather	EMiji	-	Ø	
403	grandmother	EMiji	-	Ø	
404	grass	EMiji	-	Ø	
405	grind, crush	EMiji	-	Ø	
406	guts	EMiji	-	Ø	
407	hair	EMiji	gopal ~ gopə	gopal ~ gopə	
408	hard	EMiji	-	Ø	
409	hammer	EMiji	tʃəmpo	tʃəmpo	
410	hand, arm	EMiji	gi	gi	
411	"have; exist"	EMiji	-	Ø	
412	head	EMiji	(mo)gou	(mo)gou	
413	heart	EMiji	loŋvə ~ luŋvəuk	loŋvə ~ luŋvəuk	
414	heavy	EMiji	məlei	məlei	
415	horn	EMiji	(məsə)zuŋ/ʃoŋ	(məsə)zuŋ/ʃoŋ	
416	horse	EMiji	-	Ø	
417	house	EMiji	nam	nam	
418	how many	EMiji	kʰəɲa	kʰəɲa	
419	human	EMiji	ɲijə	ɲijə	
420	hundred	EMiji	pəloŋ	pəloŋ	
421	ill	EMiji	-	Ø	
422	insect	EMiji	bilo ~ biluŋ	bilo ~ biluŋ	
423	iron	EMiji	-	Ø	
424	itch	EMiji	-	Ø	
425	kick	EMiji	təgeŋna	təgeŋna	
426	kill	EMiji	gaina	gaina	
427	knife	EMiji	vaitʃoŋʒi	vaitʃoŋʒi	
428	know	EMiji	nina ~ nĭ	nina ~ ni	
429	laugh	EMiji	tona	tona	
430	leaf	EMiji	məlam ~  golap	məlam ~  golap	
431	leech	EMiji	-	Ø	
432	leg	EMiji	lei	lei	
433	lick	EMiji	-	Ø	
434	lift	EMiji	jan ~ijaŋna	jan ~ijaŋna	
435	light	EMiji	mənətaŋ	mənətaŋ	
436	liquor	EMiji	(pə̆)tʃaŋ	(pə)tʃaŋ	
437	listen, hear	EMiji	roina	roina	
438	live, grow up	EMiji	-	Ø	
439	liver/lungs	EMiji	-	Ø	
440	long	EMiji	məpijaŋ	məpijaŋ	
441	look, see	EMiji	gaŋna	gaŋna	
442	louse	EMiji	-	Ø	
443	"make; do"	EMiji	-	Ø	
444	man (male)	EMiji	ɲəjə	ɲəjə	
445	meat	EMiji	sĭkijuŋ	sikijuŋ	
446	medicine	EMiji	dawa	dawa	
447	melt	EMiji	-	Ø	
448	month	EMiji	lə	lə	
449	moon	EMiji	lə	lə	
450	mountain	EMiji	poŋ	poŋ	
451	"mouth; language"	EMiji	ɲek ~ ɲeləi	ɲek ~ ɲeləi	
452	mortar	EMiji	-	Ø	
453	mother	EMiji	aɲe	aɲe	
454	name	EMiji	mə̃rn	mə̃rn	
455	near	EMiji	məroi	məroi	
456	neg. imp.	EMiji	-	Ø	
457	new	EMiji	məkərə	məkərə	
458	night	EMiji	(k/g)eŋgau	(k/g)eŋgau	
459	nine	EMiji	ɕətan	ɕətan	
460	nose	EMiji	nebijoŋ	nebijoŋ	
461	old	EMiji	məʃoʔ	məʃoʔ	
462	one	EMiji	aŋ ~ akʰijo ~ akʰowa	aŋ ~ akʰijo ~ akʰowa	
463	otter	EMiji	-	Ø	
464	paddy rice	EMiji	ŋam	ŋam	
465	penis	EMiji	-	Ø	
466	pestle	EMiji	-	Ø	
467	pig	EMiji	dʒo(ʔ)	dʒo(ʔ)	
468	pillow	EMiji	gokəm	gokəm	
469	pull	EMiji	bre ~ ɕaana	bre ~ ɕaana	
470	put	EMiji	-	Ø	
471	rain	EMiji	fro	fro	
472	red	EMiji	mətʃi	mətʃi	
473	revenge	EMiji	-	Ø	
474	ring	EMiji	gilan	gilan	
475	river	EMiji	vəjaŋ ~ vədo	vəjaŋ ~ vədo	
476	road	EMiji	labaŋ	labaŋ	
477	root	EMiji	məkʰən ~ gokʰrən	məkʰən ~ gokʰrən	
478	round	EMiji	mədəriu	mədəriu	
479	rub	EMiji	-	Ø	
480	run	EMiji	-	Ø	
481	sago palm	EMiji	-	Ø	
482	salt	EMiji	lə	lə	
483	sand	EMiji	ɕəgəroi	ɕəgəroi	
484	seed	EMiji	tailoi	tailoi	
485	sell	EMiji	laəna ~ kʰau	laəna ~ kʰau	
486	seven	EMiji	mija	mija	
487	sew	EMiji	gəikʰrə ~ kʰrəmna	gəikʰrə ~ kʰrəmna	
488	short	EMiji	məruŋ	məruŋ	
489	shoulder	EMiji	-	Ø	
490	sister (elder)	EMiji	ʔama	ʔama	
491	sit, stay	EMiji	gijoŋ ~ gijona	gijoŋ ~ gijona	
492	six	EMiji	ra(m)	ra(m)	
493	skin	EMiji	məpə ~ məpre	məpə ~ məpre	
494	sky	EMiji	gijaŋ	gijaŋ	
495	sleep	EMiji	dʒi(na)	dʒi(na)	
496	smell (v)	EMiji	-	Ø	
497	smoke (n.)	EMiji	maikʰən	maikʰən	
498	snake	EMiji	bəu	bəu	
499	snow	EMiji	-	Ø	
500	soft, smooth	EMiji	-	Ø	
501	soil	EMiji	naʔ	naʔ	
502	speak	EMiji	ta ~reena	ta ~reena	
503	spear	EMiji	dʒoŋ ~ dʒoʔ	dʒoŋ ~ dʒoʔ	
504	spicy	EMiji	məʃu	məʃu	
505	spittle	EMiji	-	Ø	
506	split	EMiji	-	Ø	
507	stab, punch	EMiji	-	Ø	
508	stand	EMiji	gijon ~ gəroŋ	gijon ~ gəroŋ	
509	star	EMiji	mətʃoŋbijaŋ ~ nitʃobijoŋ	mətʃoŋbijaŋ ~ nitʃobijoŋ	
510	steal	EMiji	ʃikʰau ~ tʃəkʰə	ʃikʰau ~ tʃəkʰə	
511	storehouse, granary	EMiji	-	Ø	
512	straight	EMiji	-	Ø	
513	suck	EMiji	-	Ø	
514	sun	EMiji	dʒoʔ	dʒoʔ	
515	swallow	EMiji	-	Ø	
516	sweet	EMiji	mədʒan ~ məzaŋ	mədʒan ~ məzaŋ	
517	swell	EMiji	-	Ø	
518	(swidden) field	EMiji	-	Ø	
519	swim	EMiji	brəona ~ vəsaŋna	brəona ~ vəsaŋna	
520	tail	EMiji	mənəmə(re/rai)	mənəmə(re/rai)	
521	take	EMiji	ləna ~ miniroi	ləna ~ miniroi	
522	tell	EMiji	tʃo ~ tʃoana	tʃo ~ tʃoana	
523	ten	EMiji	lən	lən	
524	that	EMiji	paitʃia ~ paitʃəlo	paitʃia ~ paitʃəlo	
525	that (lower)	EMiji	-	Ø	
526	thigh	EMiji	-	Ø	
527	think	EMiji	-	Ø	
528	this	EMiji	huŋlo ~ hə̃ŋai	huŋlo ~ hə̃ŋai	
529	thread	EMiji	kəbo	kəbo	
530	three	EMiji	kʰətəm	kʰətəm	
531	thorn	EMiji	(kʰə/gə)zau 	(kʰə/gə)zau 	
532	thousand	EMiji	hazari	hazari	
533	tongue	EMiji	jakʰe ~ jakʰijoi	jakʰe ~ jakʰijoi	
534	tooth	EMiji	tə	tə	
535	tree	EMiji	(ge/go)noi	(ge/go)noi	
536	turquoise	EMiji	-	Ø	
537	two	EMiji	kəran ~ kʰerə	kəran ~ kʰerə	
538	uncooked rice	EMiji	ŋamnəgam	ŋamnəgam	
539	vegetable	EMiji	-	Ø	
540	vomit	EMiji	-	Ø	
541	walk	EMiji	daiʔna	daiʔna	
542	hot, warm	EMiji	mədʒu ~ məzi ~ mələ	mədʒu ~ məzi ~ mələ	
543	water	EMiji	və	və	
544	waterfall	EMiji	-	Ø	
545	weave	EMiji	tʃomna ~ gəitʃom	tʃomna ~ gəitʃom	
546	what	EMiji	tən	tən	
547	where	EMiji	kʰək ~ kʰroi	kʰək ~ kʰroi	
548	white	EMiji	mugram ~ məgijaŋ	mugram ~ məgijaŋ	
549	who	EMiji	təə	təə	
550	wind	EMiji	jo	jo	
551	window	EMiji	kʰirki	kʰirki	
552	wing	EMiji	-	Ø	
553	with	EMiji	-	Ø	
554	wood	EMiji	go ~ ge	go ~ ge	
555	woman	EMiji	nəmrai 	nəmrai 	
556	year	EMiji	dəraŋ	dəraŋ	
557	yesterday	EMiji	təganogo	təganogo	
558	younger sibling	EMiji	raŋ ~ rəː	raŋ ~ rəː	
559	1SG	EMiji	ɲijaŋ	ɲijaŋ	
560	2SG	EMiji	ni	ni	
561	3SG	EMiji	ai	ai	
562	1DU	EMiji	-	Ø	
563	1PL	EMiji	ani ~ animihõŋ	ani ~ animihõŋ	
564	2PL	EMiji	dʒimihõŋ ~ dʒei	dʒimihõŋ ~ dʒei	
565	3PL	EMiji	aira	aira	
566	aconite	WMiji	nəpʰaŋ (SM)	nəpʰaŋ (SM)	
567	ant	WMiji	ʃiŋiŋ ~ siɲi	ʃiŋiŋ ~ siɲi	
568	awake	WMiji	pʰrəu (SM)	pʰrəu (SM)	
569	axe	WMiji	bulu ~blu	bulu ~blu	
570	bad	WMiji	məni ~ məɲi ~ aɲirə	məni ~ məɲi ~ aɲirə	
571	bamboo (big)	WMiji	brau ~ bro ~ dʒiu	brau ~ bro ~ dʒiu	
572	bark (tree)	WMiji	oupʰri̬ (SM)	oupʰri̬ (SM)	
573	bear	WMiji	"ʃitʃaŋ ~ ʃi-staŋ; ʃut͡sang"	"ʃitʃaŋ ~ ʃiØstaŋ; ʃutsang"	
574	bee	WMiji	miʔ ~ mei	miʔ ~ mei	
575	big (thick, wide)	WMiji	mədo ~ ado ~ məhiŋ	mədo ~ ado ~ məhiŋ	
576	bird	WMiji	"bədʒə ~ budʒuʔ ~ bəzii; buzu̬ (SM)"	"bədʒə ~ budʒuʔ ~ bəzii; buzu̬ (SM)"	
577	bite	WMiji	tʰai ~ tʰaʔ	tʰai ~ tʰaʔ	
578	bitter	WMiji	akʰu ~ məkʰu	akʰu ~ məkʰu	
579	blanket	WMiji	kombolo(u)	kombolo(u)	
580	blood	WMiji	ʒi ~ dʒai	ʒi ~ dʒai	
581	blow	WMiji	-	Ø	
582	body	WMiji	zaʔ	zaʔ	
583	body hair, feather	WMiji	umu	umu	
584	boil (water)	WMiji	"dʒən ~ dʒrən; ʒiu (SM) "	"dʒən ~ dʒrən; ʒiu (SM) "	
585	bone	WMiji	miliaŋ 	miliaŋ 	
586	bow	WMiji	kʰiri ~ g(ə)ri	kʰiri ~ g(ə)ri	
587	breath	WMiji	ditʰu (SM)	ditʰu (SM)	
588	"breast; milk"	WMiji	"ʃufunu ~ ʃunovə; ɲu̬ (SM)"	"ʃufunu ~ ʃunovə; ɲu̬ (SM)"	
589	broom	WMiji	naʃi ~ nesi	naʃi ~ nesi	
590	burn	WMiji	"fra(n/ŋ) ~ peneʔ; pʰrjaŋ ~ pʰen (SM)"	"fra(n/ŋ) ~ peneʔ; pʰrjaŋ ~ pʰen (SM)"	
591	"cane; rope"	WMiji	ʃu (SM)	ʃu (SM)	
592	chicken	WMiji	dok ~ doʔ ~ dup	dok ~ doʔ ~ dup	
593	child	WMiji	amai (SM)	amai (SM)	
594	chin	WMiji	gutʃa(ʔ)	gutʃa(ʔ)	
595	cloth	WMiji	gije ~ gəri ~ grə	gije ~ gəri ~ grə	
596	cloud	WMiji	"miemy ~ mimu; meimiu (SM)"	"miemy ~ mimu; meimiu (SM)"	
597	coal	WMiji	-	Ø	
598	cook	WMiji	kʰə ~ kʰu	kʰə ~ kʰu	
599	cooking oil	WMiji	"pʰeŋdʒanrə; pʰenʒaŋvu (SM)"	"pʰeŋdʒanrə; pʰenʒaŋvu (SM)"	
600	copula	WMiji	-	Ø	
601	cow	WMiji	ʃufu ~ dʒufu ~ dərfu	ʃufu ~ dʒufu ~ dərfu	
602	cry	WMiji	kʰə̆	kʰə	
603	cut	WMiji	tʰai(ne)	tʰai(ne)	
604	day	WMiji	dʒaŋtaŋ ~ hũe	dʒaŋtaŋ ~ hũe	
605	dead body	WMiji	-	Ø	
606	deep	WMiji	arək ~ məruʔ ~ merik	arək ~ məruʔ ~ merik	
607	die	WMiji	tʃi	tʃi	
608	dig	WMiji	tʰa̬u̬ (SM)	tʰa̬u̬ (SM)	
609	dirty	WMiji	ni͡tʃi (SM)	ni͡tʃi (SM)	
610	do	WMiji	ru ~ rutʃine ~ tʰerore	ru ~ rutʃine ~ tʰerore	
611	door	WMiji	"vimpʰi ~ vapʰi; banpʰik"	"vimpʰi ~ vapʰi; banpʰik"	
612	dream	WMiji	tʰeme(ma) ~ tʰaimeʔ	tʰeme(ma) ~ tʰaimeʔ	
613	drink	WMiji	"tʰoŋ ~ tʰoŋme; tʰuŋ (SM)"	"tʰoŋ ~ tʰoŋme; tʰuŋ (SM)"	
614	dry	WMiji	"akʰijaŋ ~ məkʰəjam ~ mekʰijan; məkʰjaŋ (SM)"	"akʰijaŋ ~ məkʰəjam ~ mekʰijan; məkʰjaŋ (SM)"	
615	eat	WMiji	"tʃu; t͡su̬ (SM)"	"tʃu; tsu̬ (SM)"	
616	egg	WMiji	dori(ŋ)	dori(ŋ)	
617	eight	WMiji	t͡ʃigə ~ səgə	tʃigə ~ səgə	
618	elder brother	WMiji	akʰəvo ~ akəvo ~ kʰəvoʔ	akʰəvo ~ akəvo ~ kʰəvoʔ	
619	elephant	WMiji	atʃi	atʃi	
620	empty	WMiji	(a/mi)kʰijaŋ	(a/mi)kʰijaŋ	
621	excrete, defecate	WMiji	-	Ø	
622	excrement	WMiji	-	Ø	
623	eye	WMiji	məri ~ meʔ ~ mer	məri ~ meʔ ~ mer	
624	far	WMiji	maraŋ ~ arən ~ mərən	maraŋ ~ arən ~ mərən	
625	fat (n)	WMiji	membau	membau	
626	fear	WMiji	rin (SM)	rin (SM)	
627	few	WMiji	meʔ ~ mija	meʔ ~ mija	
628	fight	WMiji	nau-ri (SM)	nauØri (SM)	
629	finger	WMiji	"gitʃoʔ ~ gitʰə; git͡so̬ (SM)"	"gitʃoʔ ~ gitʰə; gitso̬ (SM)"	
630	fire	WMiji	mai	mai	
631	fireplace	WMiji	dətʰle̬ (SM)	dətʰle̬ (SM)	
632	fish	WMiji	"tʰ(r)i; tʰui ~ t͡ʃui (SM)"	"tʰ(r)i; tʰui ~ tʃui (SM)"	
633	five	WMiji	boŋu ~ buŋu ~ pugu	boŋu ~ buŋu ~ pugu	
634	flow	WMiji	-	Ø	
635	flower	WMiji	uboʔ	uboʔ	
636	friend	WMiji	mədʒo ~ madʒro ~ adʒo	mədʒo ~ madʒro ~ adʒo	
637	frog	WMiji	dʒou	dʒou	
638	fruit	WMiji	utʰen	utʰen	
639	four	WMiji	bəlei ~ bli	bəlei ~ bli	
640	full	WMiji	"lən ~ len ~ pʰiɬaŋ; olin (SM)"	"lən ~ len ~ pʰiɬaŋ; olin (SM)"	
641	garlic, onion	WMiji	"kʰikmo ~ pəkʰemu; kʰjo̬mu (SM)"	"kʰikmo ~ pəkʰemu; kʰjo̬mu (SM)"	
642	give	WMiji	pʰebi ~ biʔna ~ bi	pʰebi ~ biʔna ~ bi	
643	goat	WMiji	"tʃeprem ~ ʃəpʰə̆rən; ʃupʰrin (SM)"	"tʃeprem ~ ʃəpʰərən; ʃupʰrin (SM)"	
644	grandfather	WMiji	alu (SM)	alu (SM)	
645	grandmother	WMiji	aʒui (SM)	aʒui (SM)	
646	grass	WMiji	t͡sen (SM)	tsen (SM)	
647	grind, crush	WMiji	ri̬ (SM)	ri̬ (SM)	
648	guts	WMiji	luŋ (SM)	luŋ (SM)	
649	hair	WMiji	upʰiu ~ wopʰijo	upʰiu ~ wopʰijo	
650	hard	WMiji	məgaŋ (SM)	məgaŋ (SM)	
651	hammer	WMiji	"tʃəmpo; t͡simpʰo̬ (SM)"	"tʃəmpo; tsimpʰo̬ (SM)"	
652	hand, arm	WMiji	gi	gi	
653	"have; exist"	WMiji	du (SM)	du (SM)	
654	head	WMiji	dəkʰijaŋ ~ uː ~ tokijaŋ	dəkʰijaŋ ~ uː ~ tokijaŋ	
655	heart	WMiji	luŋvəuk ~ kebaŋlaŋ ~ məɲijo	luŋvəuk ~ kebaŋlaŋ ~ məɲijo	
656	heavy	WMiji	məji ~ məiʔ ~ ai	məji ~ məiʔ ~ ai	
657	horn	WMiji	(mə/a)(ʃu/ʃi) ʃoŋ /dʒuŋ	(mə/a)(ʃu/ʃi) ʃoŋ /dʒuŋ	
658	horse	WMiji	ʃugro (SM)	ʃugro (SM)	
659	house	WMiji	"ɲan ~ ɲe ~ ɲeon; nen (SM)"	"ɲan ~ ɲe ~ ɲeon; nen (SM)"	
660	how many	WMiji	(kə/gə)ɲo	(kə/gə)ɲo	
661	human	WMiji	"ɲiuʔ; ɲi̬ (SM)"	"ɲiuʔ; ɲi̬ (SM)"	
662	hundred	WMiji	bluŋ ~ beluŋ	bluŋ ~ beluŋ	
663	ill	WMiji	no (SM)	no (SM)	
664	insect	WMiji	biluŋ	biluŋ	
665	iron	WMiji	sen (SM)	sen (SM)	
666	itch	WMiji	gud͡zu (SM)	gudzu (SM)	
667	kick	WMiji	laitegeŋ ~ dəgrən ~ tekraŋ	laitegeŋ ~ dəgrən ~ tekraŋ	
668	kill	WMiji	wai ~ waitʃo (strike, beat?)	wai ~ waitʃo (strike, beat?)	
669	knife	WMiji	"vetʃin ~ vaitʃoŋʒi; vait͡sən (SM)"	"vetʃin ~ vaitʃoŋʒi; vaitsən (SM)"	
670	know	WMiji	"nĭ ~ ŋintʃina ~ nintʃe; ɲi (SM)"	"ni ~ ŋintʃina ~ nintʃe; ɲi (SM)"	
671	laugh	WMiji	tʰo ~ tʰou	tʰo ~ tʰou	
672	leaf	WMiji	məle ~ uleʔ	məle ~ uleʔ	
673	leech	WMiji	dəve̬ (SM)	dəve̬ (SM)	
674	leg	WMiji	lai	lai	
675	lick	WMiji	-	Ø	
676	lift	WMiji	jan ~ ʃaŋ	jan ~ ʃaŋ	
677	light	WMiji	malətʰaŋ ~ alitʰaŋ ~ mədətʰaŋ	malətʰaŋ ~ alitʰaŋ ~ mədətʰaŋ	
678	liquor	WMiji	tʃaŋ	tʃaŋ	
679	listen, hear	WMiji	rei	rei	
680	live, grow up	WMiji	ʃən (SM)	ʃən (SM)	
681	liver/lungs	WMiji	mətʰən (SM)	mətʰən (SM)	
682	long	WMiji	məpijaŋ	məpijaŋ	
683	look, see	WMiji	waŋ	waŋ	
684	louse	WMiji	fi̬ (SM)	fi̬ (SM)	
685	"make; do"	WMiji	-	Ø	
686	man (male)	WMiji	"ɲiju ~ nuʔ ~ nuvə; nuvu (SM)"	"ɲiju ~ nuʔ ~ nuvə; nuvu (SM)"	
687	meat	WMiji	ʃitʃuŋ	ʃitʃuŋ	
688	medicine	WMiji	dawa	dawa	
689	melt	WMiji	-	Ø	
690	month	WMiji	lə ~ lu	lə ~ lu	
691	moon	WMiji	lɛ ~ lu	lɛ ~ lu	
692	mountain	WMiji	pʰuŋ ~ poŋ	pʰuŋ ~ poŋ	
693	"mouth; language"	WMiji	niwi ~ nui	niwi ~ nui	
694	mortar	WMiji	dəlo (SM)	dəlo (SM)	
695	mother	WMiji	anai ~ aɲi	anai ~ aɲi	
696	name	WMiji	mə̃rn	mə̃rn	
697	near	WMiji	məni ~ aɲiŋ	məni ~ aɲiŋ	
698	neg. imp.	WMiji	tʰa- (SM)	tʰaØ (SM)	
699	new	WMiji	məgəniu ~ agənu	məgəniu ~ agənu	
700	night	WMiji	(dʒaŋ/tʃaŋ)gau	(dʒaŋ/tʃaŋ)gau	
701	nine	WMiji	sətən	sətən	
702	nose	WMiji	nibuŋ ~ nibiuŋ ~ nebijoŋ	nibuŋ ~ nibiuŋ ~ nebijoŋ	
703	old	WMiji	(a/mə)ʃoʔ	(a/mə)ʃoʔ	
704	one	WMiji	akʰeʔ ~ akʰijo ~ akʰo ~ atro	akʰeʔ ~ akʰijo ~ akʰo ~ atro	
705	otter	WMiji	-	Ø	
706	paddy rice	WMiji	enʃo ~ aɲsoʔ ~ an	enʃo ~ aɲsoʔ ~ an	
707	penis	WMiji	-	Ø	
708	pestle	WMiji	bəlau (SM)	bəlau (SM)	
709	pig	WMiji	"dʒio ~ dʒuo ~ dʒoʔ; ʒo (SM)"	"dʒio ~ dʒuo ~ dʒoʔ; ʒo (SM)"	
710	pillow	WMiji	ukʰum ~ (nu/wo)kʰən	ukʰum ~ (nu/wo)kʰən	
711	pull	WMiji	roʔ ~ horo	roʔ ~ horo	
712	put	WMiji	rou (SM)	rou (SM)	
713	rain	WMiji	"fro; pʰrjo (SM)"	"fro; pʰrjo (SM)"	
714	red	WMiji	mətʃə ~ mətʃu ~ atʃu	mətʃə ~ mətʃu ~ atʃu	
715	revenge	WMiji	-	Ø	
716	ring	WMiji	gile ~ gilan	gile ~ gilan	
717	river	WMiji	vəjaŋ ~ vədo	vəjaŋ ~ vədo	
718	road	WMiji	labaŋ ~ lembaŋ	labaŋ ~ lembaŋ	
719	root	WMiji	kʰrən ~ okʰriŋ ~ ukʰən	kʰrən ~ okʰriŋ ~ ukʰən	
720	round	WMiji	mədəriu	mədəriu	
721	rub	WMiji	-	Ø	
722	run	WMiji	ʒum (SM)	ʒum (SM)	
723	sago palm	WMiji	-	Ø	
724	salt	WMiji	lu	lu	
725	sand	WMiji	"bai; balji (SM)"	"bai; balji (SM)"	
726	seed	WMiji	tʰe-li ~ ăli ~ tʰe-dʒo ~ ma-lai	tʰeØli ~ ali ~ tʰeØdʒo ~ maØlai	
727	sell	WMiji	lao ~ pʰekʰo ~ tʃoŋret	lao ~ pʰekʰo ~ tʃoŋret	
728	seven	WMiji	mija(k)	mija(k)	
729	sew	WMiji	(grə-)kʰri ~ kʰrə	(grəØ)kʰri ~ kʰrə	
730	short	WMiji	məruŋ ~ aruŋ	məruŋ ~ aruŋ	
731	shoulder	WMiji	pastuŋ (SM)	pastuŋ (SM)	
732	sister (elder)	WMiji	"amo ~ amu; momo (SM)"	"amo ~ amu; momo (SM)"	
733	sit, stay	WMiji	deŋradʒuŋ ~ dʒuʔ ~ gijoŋ	deŋradʒuŋ ~ dʒuʔ ~ gijoŋ	
734	six	WMiji	re(ʔ)	re(ʔ)	
735	skin	WMiji	məpre	məpre	
736	sky	WMiji	(na)d͡ʒang	(na)dʒang	
737	sleep	WMiji	dʒi	dʒi	
738	smell (v)	WMiji	ɲen (SM)	ɲen (SM)	
739	smoke (n.)	WMiji	maikʰən	maikʰən	
740	snake	WMiji	bʰu ~ nabu ~ ɲabəu	bʰu ~ nabu ~ ɲabəu	
741	snow	WMiji	dəlen (SM)	dəlen (SM)	
742	soft, smooth	WMiji	məbəlja̬ (SM)	məbəlja̬ (SM)	
743	soil	WMiji	naʔ	naʔ	
744	speak	WMiji	"ʃoʔ ~ tʃoʔ ~tʰroʔ; tʰe(n) (SM)"	"ʃoʔ ~ tʃoʔ ~tʰroʔ; tʰe(n) (SM)"	
745	spear	WMiji	"dʒuŋ; d͡zuŋ (SM)"	"dʒuŋ; dzuŋ (SM)"	
746	spicy	WMiji	məʃu ~ aʃiu ~ məʃiu	məʃu ~ aʃiu ~ məʃiu	
747	spittle	WMiji	ʒe̬ (SM)	ʒe̬ (SM)	
748	split	WMiji	-	Ø	
749	stab, punch	WMiji	rəŋ ~ rən (SM)	rəŋ ~ rən (SM)	
750	stand	WMiji	gijon ~ magarangiu	gijon ~ magarangiu	
751	star	WMiji	dətʃuŋ	dətʃuŋ	
752	steal	WMiji	(t͡ʃi)kʰə	(tʃi)kʰə	
753	storehouse, granary	WMiji	t͡ʃuŋ (SM)	tʃuŋ (SM)	
754	straight	WMiji	mugəraŋ (SM)	mugəraŋ (SM)	
755	suck	WMiji	bənu (SM)	bənu (SM)	
756	sun	WMiji	"dʒoʔ; zuʔ (SM)"	"dʒoʔ; zuʔ (SM)"	
757	swallow	WMiji	bəɭui (SM)	bəɭui (SM)	
758	sweet	WMiji	adʒaŋ ~ mədʒa(n/ŋ) ~ mədʒijaŋ	adʒaŋ ~ mədʒa(n/ŋ) ~ mədʒijaŋ	
759	swell	WMiji	olin (SM)	olin (SM)	
760	(swidden) field	WMiji	vaw (SM)	vaw (SM)	
761	swim	WMiji	ju ~ tʃiaŋ ~ ʃaŋ	ju ~ tʃiaŋ ~ ʃaŋ	
762	tail	WMiji	"adəmai ~ adɛmek ~ mədərə; dimra̬i̬ (SM)"	"adəmai ~ adɛmek ~ mədərə; dimra̬i̬ (SM)"	
763	take	WMiji	"lə ~ ɬəʔne ~ hoɬə; lu̬ (SM)"	"lə ~ ɬəʔne ~ hoɬə; lu̬ (SM)"	
764	tell	WMiji	tʰroʔmo ~ tʃua ~ tʰe	tʰroʔmo ~ tʃua ~ tʰe	
765	ten	WMiji	ɬən ~ lən	ɬən ~ lən	
766	that	WMiji	paitʃəlo ~ pʰetʃilo ~ pʰetʃoi	paitʃəlo ~ pʰetʃilo ~ pʰetʃoi	
767	that (lower)	WMiji	pʰut͡su (SM)	pʰutsu (SM)	
768	thigh	WMiji	lu̬ (SM)	lu̬ (SM)	
769	think	WMiji	mjen, ʃu (SM)	mjen, ʃu (SM)	
770	this	WMiji	huŋlo ~ huŋji	huŋlo ~ huŋji	
771	thread	WMiji	kŭpo ~ dʒaŋ ~ kəbo	kupo ~ dʒaŋ ~ kəbo	
772	three	WMiji	gətən ~ kətʰən ~ kʰətəm	gətən ~ kətʰən ~ kʰətəm	
773	thorn	WMiji	(gə)d͡ʒik/d͡ʒu	(gə)dʒik/dʒu	
774	thousand	WMiji	hazari	hazari	
775	tongue	WMiji	"dʒakihi ~  jaʔkʰi ~ lakʃi; ʒe̬gʰi (SM)"	"dʒakihi ~  jaʔkʰi ~ lakʃi; ʒe̬gʰi (SM)"	
776	tooth	WMiji	tʰu ~ tu	tʰu ~ tu	
777	tree	WMiji	"uɲi ~ uniʔ ~ oʔni; ou (SM)"	"uɲi ~ uniʔ ~ oʔni; ou (SM)"	
778	turquoise	WMiji	-	Ø	
779	two	WMiji	geni ~ gərin	geni ~ gərin	
780	uncooked rice	WMiji	andəgən ~ an	andəgən ~ an	
781	vegetable	WMiji	pʰen̬ (SM)	pʰen̬ (SM)	
782	vomit	WMiji	mu (SM)	mu (SM)	
783	walk	WMiji	dai ~ naidaidu ~ daidewo ~ daiʔna	dai ~ naidaidu ~ daidewo ~ daiʔna	
784	hot, warm	WMiji	"adʒiu ~ mədʒ(i)u; məʒiu (SM)"	"adʒiu ~ mədʒ(i)u; məʒiu (SM)"	
785	water	WMiji	və	və	
786	waterfall	WMiji	-	Ø	
787	weave	WMiji	ɕən ~ tʰrən ~ (grə/zan)triŋ	ɕən ~ tʰrən ~ (grə/zan)triŋ	
788	what	WMiji	"tan ~ tin ~ tʰen;  tʰin (SM)"	"tan ~ tin ~ tʰen;  tʰin (SM)"	
789	where	WMiji	kʰəjo ~ kʰija	kʰəjo ~ kʰija	
790	white	WMiji	mugram ~ magəran ~ magəran	mugram ~ magəran ~ magəran	
791	who	WMiji	tʃʰu ~ tʃiu	tʃʰu ~ tʃiu	
792	wind	WMiji	jo	jo	
793	window	WMiji	kʰirki	kʰirki	
794	wing	WMiji	gət͡ʃi (SM)	gətʃi (SM)	
795	with	WMiji	d͡ʒoru (SM)	dʒoru (SM)	
796	wood	WMiji	u ~ oʔ 	u ~ oʔ 	
797	woman	WMiji	nəmeg ~ nəmrai ~ numazə	nəmeg ~ nəmrai ~ numazə	
798	year	WMiji	dure(n)	dure(n)	
799	yesterday	WMiji	degau	degau	
800	younger sibling	WMiji	(mə/ɲa)nu	(mə/ɲa)nu	
801	1SG	WMiji	"nijaŋ ~ ɲijaŋ; ɲaŋ (SM)"	"nijaŋ ~ ɲijaŋ; ɲaŋ (SM)"	
802	2SG	WMiji	ni	ni	
803	3SG	WMiji	i  ~ pʰet͡ʃu	i  ~ pʰetʃu	
804	1DU	WMiji	-	Ø	
805	1PL	WMiji	ani ~ aɲijaahuŋ	ani ~ aɲijaahuŋ	
806	2PL	WMiji	dʒi ~ ina ~ dʒiməʃuŋ	dʒi ~ ina ~ dʒiməʃuŋ	
807	3PL	WMiji	inamehijaŋ ~ pʰaina ~ airaahuŋ	inamehijaŋ ~ pʰaina ~ airaahuŋ	
808	aconite	Hruso	-	Ø	
809	ant	Hruso	siɲi	siɲi	
810	awake	Hruso	pʰi (SA)	pʰi (SA)	
811	axe	Hruso	pʰod͡ʒe (/SA)	pʰodʒe (/SA)	
812	bad	Hruso	mau	mau	
813	bamboo (big)	Hruso	sə	sə	
814	bark (tree)	Hruso	ʃokʰu (SA)	ʃokʰu (SA)	
815	bear	Hruso	"ʃətʃo; sət͡so (SA)"	"ʃətʃo; sətso (SA)"	
816	bee	Hruso	mădʒəd̪u	madʒədu	
817	big (thick, wide)	Hruso	"djo; dɛu (SA)"	"djo; dɛu (SA)"	
818	bird	Hruso	musə	musə	
819	bite	Hruso	tʰodʒo	tʰodʒo	
820	bitter	Hruso	kamʃo	kamʃo	
821	blanket	Hruso	kombolo	kombolo	
822	blood	Hruso	"ʃə; iʃə (SA)"	"ʃə; iʃə (SA)"	
823	blow	Hruso	-	Ø	
824	body	Hruso	"ʔoso; əso (SA)"	"ʔoso; əso (SA)"	
825	body hair, feather	Hruso	(u/i)mu (SA)	(u/i)mu (SA)	
826	boil (water)	Hruso	"xuʃəʃe; lusu (SA)"	"xuʃəʃe; lusu (SA)"	
827	bone	Hruso	"ʔə̆xə̆be; erəbje (SA)"	"ʔəxəbe; erəbje (SA)"	
828	bow	Hruso	kʰiri	kʰiri	
829	breath	Hruso	-	Ø	
830	"breast; milk"	Hruso	apʰu	apʰu	
831	broom	Hruso	ɲeso	ɲeso	
832	burn	Hruso	"pejo; pʰwa (SA)"	"pejo; pʰwa (SA)"	
833	"cane; rope"	Hruso	ʃu (SA)	ʃu (SA)	
834	chicken	Hruso	dʒuo	dʒuo	
835	child	Hruso	sa (SA)	sa (SA)	
836	chin	Hruso	"ʔĕgado; gad͡ʒo (SA)"	"ʔegado; gadʒo (SA)"	
837	cloth	Hruso	gije	gije	
838	cloud	Hruso	"məmə; mum(u) (SA)"	"məmə; mum(u) (SA)"	
839	coal	Hruso	-	Ø	
840	cook	Hruso	"kʰu; kʰo (SA)"	"kʰu; kʰo (SA)"	
841	cooking oil	Hruso	luboxu	luboxu	
842	copula	Hruso	-	Ø	
843	cow	Hruso	"pʰolxu; fulxu (SA)"	"pʰolxu; fulxu (SA)"	
844	cry	Hruso	kʃo	kʃo	
845	cut	Hruso	"dʒojo; d͡ʒɛ (SA)"	"dʒojo; dʒɛ (SA)"	
846	day	Hruso	jo	jo	
847	dead body	Hruso	d͡zu (SA)	dzu (SA)	
848	deep	Hruso	ɾju	ɾju	
849	die	Hruso	"dʒudʒo; d͡za/i (SA)"	"dʒudʒo; dza/i (SA)"	
850	dig	Hruso	t͡ʃi (SA)	tʃi (SA)	
851	dirty	Hruso	ɲit͡s kriɲiu (SA)	ɲits kriɲiu (SA)	
852	do	Hruso	dadʒo	dadʒo	
853	door	Hruso	ɲĕgdəʃe ~ ɲekd͡ʒusi (SA)	ɲegdəʃe ~ ɲekdʒusi (SA)	
854	dream	Hruso	tʃʰimijo	tʃʰimijo	
855	drink	Hruso	tʰudʒo	tʰudʒo	
856	dry	Hruso	"kɹo; kʰrou (SA)"	"kɹo; kʰrou (SA)"	
857	eat	Hruso	"tʃadʒo; t͡sa (SA)"	"tʃadʒo; tsa (SA)"	
858	egg	Hruso	dʒedʒe	dʒedʒe	
859	eight	Hruso	"ʃəgdʒə; səg͡zə (SA)"	"ʃəgdʒə; səgzə (SA)"	
860	elder brother	Hruso	"ʔaja; ā́-khī (elder), ā́-yǎ (younger, AS) "	"ʔaja; aØkhi (elder), aØya (younger, AS) "	
861	elephant	Hruso	atʃʰə	atʃʰə	
862	empty	Hruso	"ʔəɸo; ufou (SA)"	"ʔəɸo; ufou (SA)"	
863	excrete, defecate	Hruso	t͡si (SA)	tsi (SA)	
864	excrement	Hruso	-	Ø	
865	eye	Hruso	ʔiɲi	ʔiɲi	
866	far	Hruso	"ʔəxə; əra (SA)"	"ʔəxə; əra (SA)"	
867	fat (n)	Hruso	ʔə̆bi	ʔəbi	
868	fear	Hruso	rije (SA)	rije (SA)	
869	few	Hruso	meʔ 	meʔ 	
870	fight	Hruso	tʰo-ri (SA)	tʰoØri (SA)	
871	finger	Hruso	"ʔĕdʒətʃə; eg͡zət͡sə (SA)"	"ʔedʒətʃə; egzətsə (SA)"	
872	fire	Hruso	mi	mi	
873	fireplace	Hruso	hukʰije (SA)	hukʰije (SA)	
874	fish	Hruso	"tʃʰe; t͡ʃʰi (SA)"	"tʃʰe; tʃʰi (SA)"	
875	five	Hruso	"pom; pum (SA)"	"pom; pum (SA)"	
876	flow	Hruso	-	Ø	
877	flower	Hruso	ʃoba	ʃoba	
878	friend	Hruso	"ʔodʒo; d͡ʒɛ (SA)"	"ʔodʒo; dʒɛ (SA)"	
879	frog	Hruso	"ʃedʒa; ʃəza (SA)"	"ʃedʒa; ʃəza (SA)"	
880	fruit	Hruso	ʃə̆dʒe	ʃədʒe	
881	four	Hruso	"psə̌xi; pʰiri (SA)"	"psəxi; pʰiri (SA)"	
882	full	Hruso	gu	gu	
883	garlic, onion	Hruso	sukum (SA)	sukum (SA)	
884	give	Hruso	dʒidʒo	dʒidʒo	
885	goat	Hruso	"kʰəʃə; kʰisi (SA)"	"kʰəʃə; kʰisi (SA)"	
886	grandfather	Hruso	-	Ø	
887	grandmother	Hruso	-	Ø	
888	grass	Hruso	bije ~ t͡sə ~ suso (SA)	bije ~ tsə ~ suso (SA)	
889	grind, crush	Hruso	ri (SA)	ri (SA)	
890	guts	Hruso	-	Ø	
891	hair	Hruso	"ʔeketʃe; ikʰijet͡ʃʰi (SA)"	"ʔeketʃe; ikʰijetʃʰi (SA)"	
892	hard	Hruso	"goɣou (AA); gorou"	"goɣou (AA); gorou"	
893	hammer	Hruso	martăl	martal	
894	hand, arm	Hruso	"ʔagdʒə; eg͡zə (SA)"	"ʔagdʒə; egzə (SA)"	
895	"have; exist"	Hruso	du (SA)	du (SA)	
896	head	Hruso	ʔekʰje	ʔekʰje	
897	heart	Hruso	ʔə̆lə̆biu	ʔələbiu	
898	heavy	Hruso	"ju; liu (SA)"	"ju; liu (SA)"	
899	horn	Hruso	"ʔəʃəbdʒa; səb͡zə (SA)"	"ʔəʃəbdʒa; səbzə (SA)"	
900	horse	Hruso	fugra (SA)	fugra (SA)	
901	house	Hruso	ɲe	ɲe	
902	how many	Hruso	kʰəɲa  	kʰəɲa  	
903	human	Hruso	nə̆na	nəna	
904	hundred	Hruso	"ɸoxa; pʰuɣu (SA)"	"ɸoxa; pʰuɣu (SA)"	
905	ill	Hruso	na (SA)	na (SA)	
906	insect	Hruso	"bŭlːu; bilu (SA)"	"bulːu; bilu (SA)"	
907	iron	Hruso	sə (SA)	sə (SA)	
908	itch	Hruso	səd͡zu (SA)	sədzu (SA)	
909	kick	Hruso	"gədrə; gəd͡ʒu (SA)"	"gədrə; gədʒu (SA)"	
910	kill	Hruso	gə (SA)	gə (SA)	
911	knife	Hruso	"betʃasa; vet͡sə (SA)"	"betʃasa; vetsə (SA)"	
912	know	Hruso	"d̪aŋxudʒo; hosə (SA)"	"daŋxudʒo; hosə (SA)"	
913	laugh	Hruso	"tʃʰəjo; t͡ʃi (SA)"	"tʃʰəjo; tʃi (SA)"	
914	leaf	Hruso	"ʔə̆xe; ʃere (SA)"	"ʔəxe; ʃere (SA)"	
915	leech	Hruso	-	Ø	
916	leg	Hruso	əʃi ləbu (SA)	əʃi ləbu (SA)	
917	lick	Hruso	-	Ø	
918	lift	Hruso	lo (SA)	lo (SA)	
919	light	Hruso	"lə̆to; lutʰou (SA)"	"ləto; lutʰou (SA)"	
920	liquor	Hruso	"tʃə; t͡si (SA)"	"tʃə; tsi (SA)"	
921	listen, hear	Hruso	"dʒədʒo; d͡zəxu (SA)"	"dʒədʒo; dzəxu (SA)"	
922	live, grow up	Hruso	əʃə (SA)	əʃə (SA)	
923	liver/lungs	Hruso	ě-djǔ (AS)	eØdju (AS)	
924	long	Hruso	"pʃu; psiu (SA)"	"pʃu; psiu (SA)"	
925	look, see	Hruso	hodʒo	hodʒo	
926	louse	Hruso	ʃə (SA)	ʃə (SA)	
927	"make; do"	Hruso	d̪adʒo	dadʒo	
928	man (male)	Hruso	"mə̆hu; muxu nəna (SA)"	"məhu; muxu nəna (SA)"	
929	meat	Hruso	"ɸu; t͡sə, sə (SA)"	"ɸu; tsə, sə (SA)"	
930	medicine	Hruso	d̪oxa	doxa	
931	melt	Hruso	-	Ø	
932	month	Hruso	kʰobe	kʰobe	
933	moon	Hruso	"hŏbe; hubje (SA)"	"hobe; hubje (SA)"	
934	mountain	Hruso	"pʰu; pʰudeu (SA)"	"pʰu; pʰudeu (SA)"	
935	"mouth; language"	Hruso	"ʔə̆nzu; und͡zu (SA)"	"ʔənzu; undzu (SA)"	
936	mortar	Hruso	rulu (SA)	rulu (SA)	
937	mother	Hruso	aɲi	aɲi	
938	name	Hruso	"ʔəɲəɲə; ʔaɲiɲi (SA)"	"ʔəɲəɲə; ʔaɲiɲi (SA)"	
939	near	Hruso	ʔəɲisə	ʔəɲisə	
940	neg. imp.	Hruso	d͡ʒu- (SA)	dʒuØ (SA)	
941	new	Hruso	"ʔə̆kə̆n; əkʰən (SA)"	"ʔəkən; əkʰən (SA)"	
942	night	Hruso	ɲegi	ɲegi	
943	nine	Hruso	"st̪ə; stʰə (SA)"	"st̪ə; stʰə (SA)"	
944	nose	Hruso	"ʔuʃə; (un/nu) su (SA)"	"ʔuʃə; (un/nu) su (SA)"	
945	old	Hruso	"ʔə̆me;  emije (SA)"	"ʔəme;  emije (SA)"	
946	one	Hruso	ʔa	ʔa	
947	otter	Hruso	size (SA)	size (SA)	
948	paddy rice	Hruso	ʔo	ʔo	
949	penis	Hruso	-	Ø	
950	pestle	Hruso	-	Ø	
951	pig	Hruso	"ʋo; vo (SA)"	"ʋo; vo (SA)"	
952	pillow	Hruso	dĭkʃo	dikʃo	
953	pull	Hruso	byjo	byjo	
954	put	Hruso	-	Ø	
955	rain	Hruso	"jedʒăʃə; ɲed͡zəʃi (SA)"	"jedʒaʃə; ɲedzəʃi (SA)"	
956	red	Hruso	tʃu	tʃu	
957	revenge	Hruso	-	Ø	
958	ring	Hruso	(gzət͡sə/dʒə̆tʃe) lje	(gzətsə/dʒətʃe) lje	
959	river	Hruso	"kʰu; xudɛu (SA)"	"kʰu; xudɛu (SA)"	
960	road	Hruso	"xabo; rabo (SA)"	"xabo; rabo (SA)"	
961	root	Hruso	"ʔə̆kʃe; əkʰrə (SA)"	"ʔəkʃe; əkʰrə (SA)"	
962	round	Hruso	"od͡ʒou; ud͡ʒərəu (SA)"	"odʒou; udʒərəu (SA)"	
963	rub	Hruso	-	Ø	
964	run	Hruso	-	Ø	
965	sago palm	Hruso	-	Ø	
966	salt	Hruso	"xu; ru ~ ɣu (SA)"	"xu; ru ~ ɣu (SA)"	
967	sand	Hruso	bali	bali	
968	seed	Hruso	ʔə̌sə	ʔəsə	
969	sell	Hruso	dɹu	dɹu	
970	seven	Hruso	"mɹo; mrjo (SA)"	"mɹo; mrjo (SA)"	
971	sew	Hruso	kʃijo	kʃijo	
972	short	Hruso	"ʔĕtʃesa; udu(sa) (SA)"	"ʔetʃesa; udu(sa) (SA)"	
973	shoulder	Hruso	-	Ø	
974	sister (elder)	Hruso	ʔama	ʔama	
975	sit, stay	Hruso	"xowe; ɣɔ ~ ro (SA)"	"xowe; ɣɔ ~ ro (SA)"	
976	six	Hruso	"xe; rijɛ (SA)"	"xe; rijɛ (SA)"	
977	skin	Hruso	ʔə̆tʃʰə	ʔətʃʰə	
978	sky	Hruso	"med͡ze; ɲed͡zə (SA)"	"medze; ɲedzə (SA)"	
979	sleep	Hruso	"dɹumudʒo; d͡ʒu (SA)"	"dɹumudʒo; dʒu (SA)"	
980	smell (v)	Hruso	sohu (SA)	sohu (SA)	
981	smoke (n.)	Hruso	mŭkʃə	mukʃə	
982	snake	Hruso	by	by	
983	snow	Hruso	tʰĩɲo (SA)	tʰĩɲo (SA)	
984	soft, smooth	Hruso	"d͡ʒu; nə (SA)"	"dʒu; nə (SA)"	
985	soil	Hruso	no	no	
986	speak	Hruso	tʃʰedʒo	tʃʰedʒo	
987	spear	Hruso	tʃudʒu	tʃudʒu	
988	spicy	Hruso	"nəsə; nəʃə (SA)"	"nəsə; nəʃə (SA)"	
989	spittle	Hruso	zem d͡ʒi (SA)	zem dʒi (SA)	
990	split	Hruso	-	Ø	
991	stab, punch	Hruso	k͡ʃi (SA)	kʃi (SA)	
992	stand	Hruso	gudʒu	gudʒu	
993	star	Hruso	lə̆t͡sə	lətsə	
994	steal	Hruso	"kʃatʃudʒo; sak͡sə ~ t͡sak͡sə (SA)"	"kʃatʃudʒo; saksə ~ tsaksə (SA)"	
995	storehouse, granary	Hruso	-	Ø	
996	straight	Hruso	gədou (SA)	gədou (SA)	
997	suck	Hruso	-	Ø	
998	sun	Hruso	"dɹu; d͡ʒu (SA)"	"dɹu; dʒu (SA)"	
999	swallow	Hruso	-	Ø	
1000	sweet	Hruso	"dʃə̆mtʃu; d͡ʒimt͡ʃiu (SA)"	"dʃəmtʃu; dʒimtʃiu (SA)"	
1001	swell	Hruso	-	Ø	
1002	(swidden) field	Hruso	-	Ø	
1003	swim	Hruso	"hudɹo; d͡ʒo (SA)"	"hudɹo; dʒo (SA)"	
1004	tail	Hruso	"ʔexem; ərim (SA)"	"ʔexem; ərim (SA)"	
1005	take	Hruso	ladʒo	ladʒo	
1006	tell	Hruso	"tru; t͡ʃʰe (SA)"	"tru; tʃʰe (SA)"	
1007	ten	Hruso	"xə; ɣə ~ rə (SA)"	"xə; ɣə ~ rə (SA)"	
1008	that	Hruso	tʰose	tʰose	
1009	that (lower)	Hruso	-	Ø	
1010	thigh	Hruso	-	Ø	
1011	think	Hruso	-	Ø	
1012	this	Hruso	"heji; huŋlo (SA)"	"heji; huŋlo (SA)"	
1013	thread	Hruso	məʃin	məʃin	
1014	three	Hruso	"dʒə;  d͡zə (SA)"	"dʒə;  dzə (SA)"	
1015	thorn	Hruso	kut͡ʃu	kutʃu	
1016	thousand	Hruso	hădʒaxa	hadʒaxa	
1017	tongue	Hruso	"ʔedʒabla; zebla (SA)"	"ʔedʒabla; zebla (SA)"	
1018	tooth	Hruso	"ʔetʰu; ət͡ʃu (SA)"	"ʔetʰu; ətʃu (SA)"	
1019	tree	Hruso	"ʃoɲi; ʃõn (SA)"	"ʃoɲi; ʃõn (SA)"	
1020	turquoise	Hruso	-	Ø	
1021	two	Hruso	"kʃə; k͡sə (SA)"	"kʃə; ksə (SA)"	
1022	uncooked rice	Hruso	ʔolgə	ʔolgə	
1023	vegetable	Hruso	pʰijɛ (SA)	pʰijɛ (SA)	
1024	vomit	Hruso	-	Ø	
1025	walk	Hruso	"d͡ʒe (SA); dʒu"	"dʒe (SA); dʒu"	
1026	hot, warm	Hruso	"ʃu; ʃəu (SA)"	"ʃu; ʃəu (SA)"	
1027	water	Hruso	kʰu	kʰu	
1028	waterfall	Hruso	k͡sət͡su (SA)	ksətsu (SA)	
1029	weave	Hruso	tʰijo	tʰijo	
1030	what	Hruso	ha	ha	
1031	where	Hruso	"hagə; hago (SA)"	"hagə; hago (SA)"	
1032	white	Hruso	gro	gro	
1033	who	Hruso	"dʒu; d͡zu (SA)"	"dʒu; dzu (SA)"	
1034	wind	Hruso	lau (SA)	lau (SA)	
1035	window	Hruso	kʰirki	kʰirki	
1036	wing	Hruso	-	Ø	
1037	with	Hruso	d͡ʒa (SA)	dʒa (SA)	
1038	wood	Hruso	ʃo	ʃo	
1039	woman	Hruso	mim(i)	mim(i)	
1040	year	Hruso	"ʔodʒe; lid͡zə (SA)"	"ʔodʒe; lidzə (SA)"	
1041	yesterday	Hruso	"ɸu; fwu (SA)"	"ɸu; fwu (SA)"	
1042	younger sibling	Hruso	"ʔonu; ɲiu (SA)"	"ʔonu; ɲiu (SA)"	
1043	1SG	Hruso	no	no	
1044	2SG	Hruso	bʰa	bʰa	
1045	3SG	Hruso	ʔi	ʔi	
1046	1DU	Hruso	-	Ø	
1047	1PL	Hruso	"ɲi; ani (SA)"	"ɲi; ani (SA)"	
1048	2PL	Hruso	dʒo	dʒo	
1049	3PL	Hruso	na	na	
1050	aconite	PH	*nə-paŋ	nə+paŋ	B&L15
1051	ant	PH	*si-ni	si+ni	B&L15
1052	awake	PH	*pri	pri	B&L15
1053	axe	PH	*bə-ru(d͡ziŋ)	bə+ru(dziŋ)	B&L15
1054	bad	PH	*mə-niŋ	mə+niŋ	B&L15
1055	bamboo (big)	PH	*bra	bra	B&L15
1056	bark (tree)	PH	*(g)o-prja	(g)o+prja	B&L15
1057	bear	PH	*sə-t͡saŋ	sə+tsaŋ	B&L15
1058	bee	PH	*majk	majk	B&L15
1059	big (thick, wide)	PH	*mə-doʔ	mə+doʔ	B&L15
1060	bird	PH	*bə-dow	bə+dow	B&L15
1061	bite	PH	*taʔ	taʔ	B&L15
1062	bitter	PH	*kam	kam	B&L15
1063	blanket	PH	-	Ø	B&L15
1064	blood	PH	*jaC	jaC	B&L15
1065	blow	PH	-	Ø	B&L15
1066	body	PH	-	Ø	B&L15
1067	body hair, feather	PH	*mə-muC	mə+muC	B&L15
1068	boil (water)	PH	*lu	lu	B&L15
1069	bone	PH	*mə-ri-jaŋ	mə+ri+jaŋ	B&L15
1070	bow	PH	*gə-raj	gə+raj	B&L15
1071	breath	PH	-	Ø	B&L15
1072	"breast; milk"	PH	*mə-nuŋ	mə+nuŋ	B&L15
1073	broom	PH	*(nam)sjaj	(nam)sjaj	B&L15
1074	burn	PH	-	Ø	B&L15
1075	"cane; rope"	PH	*su	su	B&L15
1076	chicken	PH	*dowC	dowC	B&L15
1077	child	PH	-	Ø	B&L15
1078	chin	PH	*mə-ga-daʔ	mə+ga+daʔ	B&L15
1079	cloth	PH	*gi-le	gi+le	B&L15
1080	cloud	PH	*majməwŋ	majməwŋ	B&L15
1081	coal	PH	-	Ø	B&L15
1082	cook	PH	*ku	ku	B&L15
1083	cooking oil	PH	-	Ø	B&L15
1084	copula	PH	-	Ø	B&L15
1085	cow	PH	*su	su	B&L15
1086	cry	PH	*kraC	kraC	B&L15
1087	cut	PH	*taj	taj	B&L15
1088	day	PH	*ga	ga	B&L15
1089	dead body	PH	-	Ø	B&L15
1090	deep	PH	*mə-ruk	mə+ruk	B&L15
1091	die	PH	*θəj	θəj	B&L15
1092	dig	PH	*taC	taC	B&L15
1093	dirty	PH	*ni-t͡ɕi	ni+tɕi	B&L15
1094	do	PH	*ru	ru	B&L15
1095	door	PH	*piŋ	piŋ	B&L15
1096	dream	PH	*tai-mə	tai+mə	B&L15
1097	drink	PH	*tuŋ	tuŋ	B&L15
1098	dry	PH	*mə-ki-laŋ	mə+ki+laŋ	B&L15
1099	eat	PH	*t͡ɕa	tɕa	B&L15
1100	egg	PH	*do-riŋ	do+riŋ	B&L15
1101	eight	PH	*sə-giC	sə+giC	B&L15
1102	elder brother	PH	*(a/mə)ko	(a/mə)ko	B&L15
1103	elephant	PH	-	Ø	B&L15
1104	empty	PH	*mə-hi-laŋ	mə+hi+laŋ	B&L15
1105	excrete, defecate	PH	*t͡səj	tsəj	B&L15
1106	excrement	PH	-	Ø	B&L15
1107	eye	PH	*mə-jaʔ	mə+jaʔ	B&L15
1108	far	PH	*mə-rəŋ	mə+rəŋ	B&L15
1109	fat (n)	PH	*mə-baC	mə+baC	B&L15
1110	fear	PH	*ri	ri	B&L15
1111	few	PH	*mejʔ	mejʔ	B&L15
1112	fight	PH	*rəj	rəj	B&L15
1113	finger	PH	*mə-guC-t͡ɕoʔ	mə+guC+tɕoʔ	B&L15
1114	fire	PH	*maj	maj	B&L15
1115	fireplace	PH	*laC	laC	B&L15
1116	fish	PH	*trV	trV	B&L15
1117	five	PH	*bə-ŋu	bə+ŋu	B&L15
1118	flow	PH	-	Ø	B&L15
1119	flower	PH	*mə-boC	mə+boC	B&L15
1120	friend	PH	*mə-d͡ʑoC	mə+dʑoC	B&L15
1121	frog	PH	*d͡ʑuC	dʑuC	B&L15
1122	fruit	PH	*θai	θai	B&L15
1123	four	PH	*bə-ləj	bə+ləj	B&L15
1124	full	PH	*liŋ	liŋ	B&L15
1125	garlic, onion	PH	*kikmuŋ	kikmuŋ	B&L15
1126	give	PH	*bəj	bəj	B&L15
1127	goat	PH	*se-preN	se+preN	B&L15
1128	grandfather	PH	-	Ø	B&L15
1129	grandmother	PH	-	Ø	B&L15
1130	grass	PH	-	Ø	B&L15
1131	grind, crush	PH	*rajC	rajC	B&L15
1132	guts	PH	*mə-luŋ	mə+luŋ	B&L15
1133	hair	PH	*go-pu	go+pu	B&L15
1134	hard	PH	*mə-gaŋ-lo	mə+gaŋ+lo	B&L15
1135	hammer	PH	-	Ø	B&L15
1136	hand, arm	PH	*mə-guC	mə+guC	B&L15
1137	"have; exist"	PH	*du	du	B&L15
1138	head	PH	*mə-go-kuŋ	mə+go+kuŋ	B&L15
1139	heart	PH	*mə-luŋ-wəwC	mə+luŋ+wəwC	B&L15
1140	heavy	PH	*mə-ləj	mə+ləj	B&L15
1141	horn	PH	*mə-su	mə+su	B&L15
1142	horse	PH	-	Ø	B&L15
1143	house	PH	*nam	nam	B&L15
1144	how many	PH	*kə-na	kə+na	B&L15
1145	human	PH	*niC	niC	B&L15
1146	hundred	PH	*bə-luŋ	bə+luŋ	B&L15
1147	ill	PH	*noC	noC	B&L15
1148	insect	PH	*bəw-luŋ	bəw+luŋ	B&L15
1149	iron	PH	*suN	suN	B&L15
1150	itch	PH	*gə-d͡ʑuk	gə+dʑuk	B&L15
1151	kick	PH	*dəgraŋ	dəgraŋ	B&L15
1152	kill	PH	*gajC	gajC	B&L15
1153	knife	PH	*vaj-t͡suŋ	vaj+tsuŋ	B&L15
1154	know	PH	*ni	ni	B&L15
1155	laugh	PH	*toC	toC	B&L15
1156	leaf	PH	*mə-rajC	mə+rajC	B&L15
1157	leech	PH	*lə-wajC	lə+wajC	B&L15
1158	leg	PH	*laj	laj	B&L15
1159	lick	PH	-	Ø	B&L15
1160	lift	PH	*laŋ	laŋ	B&L15
1161	light	PH	*mə-lə-taŋ	mə+lə+taŋ	B&L15
1162	liquor	PH	*t͡ɕi	tɕi	B&L15
1163	listen, hear	PH	*rej	rej	B&L15
1164	live, grow up	PH	*siŋ	siŋ	B&L15
1165	liver/lungs	PH	*mə-θin LIVER	mə+θin LIVER	B&L15
1166	long	PH	*mə-pjaŋ	mə+pjaŋ	B&L15
1167	look, see	PH	*gaŋ	gaŋ	B&L15
1168	louse	PH	*saC	saC	B&L15
1169	"make; do"	PH	*daj	daj	B&L15
1170	man (male)	PH	*niC	niC	B&L15
1171	meat	PH	*su	su	B&L15
1172	medicine	PH	-	Ø	B&L15
1173	melt	PH	-	Ø	B&L15
1174	month	PH	*lu	lu	B&L15
1175	moon	PH	*lu	lu	B&L15
1176	mountain	PH	-	Ø	B&L15
1177	"mouth; language"	PH	*mə-nuŋ	mə+nuŋ	B&L15
1178	mortar	PH	*lu-lV	lu+lV	B&L15
1179	mother	PH	*me-naj	me+naj	B&L15
1180	name	PH	*mə-mjiŋ	mə+mjiŋ	B&L15
1181	near	PH	*mə-nej	mə+nej	B&L15
1182	neg. imp.	PH	*ta-	ta	B&L15
1183	new	PH	*mə-gə-nu	mə+gə+nu	B&L15
1184	night	PH	*nə-gaC	nə+gaC	B&L15
1185	nine	PH	*sə-tiŋ	sə+tiŋ	B&L15
1186	nose	PH	-	Ø	B&L15
1187	old	PH	*mə-ɕoʔ	mə+ɕoʔ	B&L15
1188	one	PH	*a-ken	a+ken	B&L15
1189	otter	PH	-	Ø	B&L15
1190	paddy rice	PH	*an	an	B&L15
1191	penis	PH	-	Ø	B&L15
1192	pestle	PH	*bə-laC	bə+laC	B&L15
1193	pig	PH	*jowʔ	jowʔ	B&L15
1194	pillow	PH	*go-kuN	go+kuN	B&L15
1195	pull	PH	-	Ø	B&L15
1196	put	PH	-	Ø	B&L15
1197	rain	PH	"*nə-dəj; *pro"	"nə+dəj; pro"	B&L15
1198	red	PH	*t͡ɕaʔ	tɕaʔ	B&L15
1199	revenge	PH	-	Ø	B&L15
1200	ring	PH	*gə-leC	gə+leC	B&L15
1201	river	PH	-	Ø	B&L15
1202	road	PH	*lam-baŋ	lam+baŋ	B&L15
1203	root	PH	*mə-kriŋ	mə+kriŋ	B&L15
1204	round	PH	*mə-də-rəw	mə+də+rəw	B&L15
1205	rub	PH	-	Ø	B&L15
1206	run	PH	-	Ø	B&L15
1207	sago palm	PH	-	Ø	B&L15
1208	salt	PH	*lu	lu	B&L15
1209	sand	PH	*sə-gə-raj	sə+gə+raj	B&L15
1210	seed	PH	*mə-θai	mə+θai	B&L15
1211	sell	PH	*laC	laC	B&L15
1212	seven	PH	*mə-ljak	mə+ljak	B&L15
1213	sew	PH	*k(r)iC	k(r)iC	B&L15
1214	short	PH	*mə-nuŋ	mə+nuŋ	B&L15
1215	shoulder	PH	-	Ø	B&L15
1216	sister (elder)	PH	*mə-ma	mə+ma	B&L15
1217	sit, stay	PH	*d͡ʑuC	dʑuC	B&L15
1218	six	PH	*reC	reC	B&L15
1219	skin	PH	*mə-prja	mə+prja	B&L15
1220	sky	PH	*nə-də-laŋ	nə+də+laŋ	B&L15
1221	sleep	PH	*d͡ʑV	dʑV	B&L15
1222	smell (v)	PH	-	Ø	B&L15
1223	smoke (n.)	PH	*maj-kən	maj+kən	B&L15
1224	snake	PH	*bəw	bəw	B&L15
1225	snow	PH	*dəren	dəren	B&L15
1226	soft, smooth	PH	*mə-lə-prjuC	mə+lə+prjuC	B&L15
1227	soil	PH	*naʔ	naʔ	B&L15
1228	speak	PH	*təwC	təwC	B&L15
1229	spear	PH	*d͡ʑuŋ	dʑuŋ	B&L15
1230	spicy	PH	*məsu	məsu	B&L15
1231	spittle	PH	*jeʔ	jeʔ	B&L15
1232	split	PH	-	Ø	B&L15
1233	stab, punch	PH	-	Ø	B&L15
1234	stand	PH	*gu	gu	B&L15
1235	star	PH	*lə-t͡ɕuŋ	lə+tɕuŋ	B&L15
1236	steal	PH	*kə	kə	B&L15
1237	storehouse, granary	PH	*t͡ɕuŋ	tɕuŋ	B&L15
1238	straight	PH	*mə-gə-raŋ 	mə+gə+raŋ 	B&L15
1239	suck	PH	*bə-nuŋ	bə+nuŋ	B&L15
1240	sun	PH	*d͡ʑuʔ	dʑuʔ	B&L15
1241	swallow	PH	*bə-ljaC	bə+ljaC	B&L15
1242	sweet	PH	*mə-jaŋ	mə+jaŋ	B&L15
1243	swell	PH	*liŋ	liŋ	B&L15
1244	(swidden) field	PH	*wa	wa	B&L15
1245	swim	PH	*d͡ʑaC	dʑaC	B&L15
1246	tail	PH	*mə-lə-mrjaj	mə+lə+mrjaj	B&L15
1247	take	PH	*ləw	ləw	B&L15
1248	tell	PH	*t͡ɕaC	tɕaC	B&L15
1249	ten	PH	*rəŋ	rəŋ	B&L15
1250	that	PH	*paj-t͡ɕi	paj+tɕi	B&L15
1251	that (lower)	PH	*pu-t͡ɕi	pu+tɕi	B&L15
1252	thigh	PH	*mə-lu	mə+lu	B&L15
1253	think	PH	-	Ø	B&L15
1254	this	PH	*huŋ	huŋ	B&L15
1255	thread	PH	-	Ø	B&L15
1256	three	PH	*gə-θəm	gə+θəm	B&L15
1257	thorn	PH	*gə-d͡ʑuC	gə+dʑuC	B&L15
1258	thousand	PH	-	Ø	B&L15
1259	tongue	PH	*bə-laj	bə+laj	B&L15
1260	tooth	PH	*mə-taC	mə+taC	B&L15
1261	tree	PH	*(g)o-naj	(g)o+naj	B&L15
1262	turquoise	PH	-	Ø	B&L15
1263	two	PH	*gə-niC	gə+niC	B&L15
1264	uncooked rice	PH	*an-lə-giN	an+lə+giN	B&L15
1265	vegetable	PH	*pen	pen	B&L15
1266	vomit	PH	*mu	mu	B&L15
1267	walk	PH	*daj	daj	B&L15
1268	hot, warm	PH	*t͡ɕaC	tɕaC	B&L15
1269	water	PH	*wi	wi	B&L15
1270	waterfall	PH	*kua-suʔ	kua+suʔ	B&L15
1271	weave	PH	*traj	traj	B&L15
1272	what	PH	*tiŋ	tiŋ	B&L15
1273	where	PH	*kəʔ	kəʔ	B&L15
1274	white	PH	*mə-gə-raN	mə+gə+raN	B&L15
1275	who	PH	*θu	θu	B&L15
1276	wind	PH	*low	low	B&L15
1277	window	PH	-	Ø	B&L15
1278	wing	PH	*gə/mə-t͡ɕəwC	gə/mə+tɕəwC	B&L15
1279	with	PH	*d͡ʑVru	dʑVru	B&L15
1280	wood	PH	*(g)o	(g)o	B&L15
1281	woman	PH	*nəməraj	nəməraj	B&L15
1282	year	PH	*də-niŋ	də+niŋ	B&L15
1283	yesterday	PH	*də-gaC	də+gaC	B&L15
1284	younger sibling	PH	*mə-nuŋ	mə+nuŋ	B&L15
1285	1SG	PH	*na(-jaŋ)	na(+jaŋ)	B&L15
1286	2SG	PH	*ni	ni	B&L15
1287	3SG	PH	*ʔi	ʔi	B&L15
1288	1DU	PH	-	Ø	B&L15
1289	1PL	PH	*ka-ni	ka+ni	B&L15
1290	2PL	PH	*d͡ʑV	dʑV	B&L15
1291	3PL	PH	*na	na	B&L15