RID	CONCEPT	CONCEPTICON_IN_SAGART	CONCEPTICON_GLOSS	PARAMETER_ID	CONCEPTICON_ID	DOCULECT	VALUE	FORM	SOURCE	NOTES
1	101_ifirstpersonsingular	I [first person singular]	I	101_ifirstpersonsingular	1209	Mama Cuona Menba	ŋe35		Lu2002	
2	11_big	big	BIG	11_big	1202	Mama Cuona Menba	then55po53		Lu2002	
3	14_black	black	BLACK	14_black	163	Mama Cuona Menba	plɛː35kan55		Lu2002	
4	26_coldoftemperature	cold (of temperature)	COLD	26_coldoftemperature	1287	Mama Cuona Menba	chek53pa53		Lu2002	
5	36_dirty	dirty	DIRTY	36_dirty	1230	Mama Cuona Menba	bɔk35po53		Lu2002	
6	40_dry	dry	DRY	40_dry	1398	Mama Cuona Menba	cem55pha53		Lu2002	
7	48_eight	eight	EIGHT	48_eight	1705	Mama Cuona Menba	cen35		Lu2002	
8	50_far	far	FAR	50_far	1406	Mama Cuona Menba	thaʔ53riŋ35po53		Lu2002	
9	57_five	five	FIVE	57_five	493	Mama Cuona Menba	le31ŋe53		Lu2002	
10	67_four	four	FOUR	67_four	1500	Mama Cuona Menba	pli53		Lu2002	
11	73_full	full	FULL	73_full	1429	Mama Cuona Menba				
12	76_good	good	GOOD	76_good	1035	Mama Cuona Menba	li35khu31		Lu2002	
13	78_green	green	GREEN	78_green	1425	Mama Cuona Menba	dʑaŋ35ku53		Lu2002	
14	82_hard	hard	HARD	82_hard	1884	Mama Cuona Menba	ʂa55po53		Lu2002	
15	83_heorshethirdpersonsingular	he or she [third person singular]	HE OR SHE OR IT	83_heorshethirdpersonsingular	262	Mama Cuona Menba	pe35		Lu2002	
16	87_heavy	heavy	HEAVY	87_heavy	1210	Mama Cuona Menba	li55po53		Lu2002	
17	96_hot	hot	HOT	96_hot	1286	Mama Cuona Menba	tshe55po53		Lu2002	
18	103_inside	inside	INSIDE	103_inside	1606	Mama Cuona Menba	neŋ35		Lu2002	
19	110_late	late	LATE	110_late	477	Mama Cuona Menba	jyt35po53		Lu2002	
20	114_left	left	LEFT	114_left	244	Mama Cuona Menba	jøn55ma53		Lu2002	
21	117_lightofweight	light (of weight)	LIGHT (WEIGHT)	117_lightofweight	1052	Mama Cuona Menba	jaŋ35po53		Lu2002	
22	120_long	long	LONG	120_long	1203	Mama Cuona Menba	riŋ35ko53		Lu2002	
23	124_many	many	MANY	124_many	1198	Mama Cuona Menba	maŋ35po53		Lu2002	
24	127_middle	middle	MIDDLE	127_middle	1093	Mama Cuona Menba	pun35		Lu2002	
25	129_morning	morning	MORNING	129_morning	1339	Mama Cuona Menba	nam55ɕe53		Lu2002	
26	139_near	near	NEAR	139_near	1942	Mama Cuona Menba	thaʔ53len35po53		Lu2002	
27	142_new	new	NEW	142_new	1231	Mama Cuona Menba	se55ro53		Lu2002	
28	143_nine	nine	NINE	143_nine	1483	Mama Cuona Menba	tu31ku53		Lu2002	
29	148_one	one	ONE	148_one	1493	Mama Cuona Menba	theʔ53		Lu2002	
30	150_outside	outside	OUTSIDE	150_outside	762	Mama Cuona Menba	tɕhin55		Lu2002	
31	158_red	red	RED	158_red	156	Mama Cuona Menba	leu55		Lu2002	
32	161_right	right	RIGHT	161_right	1019	Mama Cuona Menba	jɛː55pa53		Lu2002	
33	166_round	round	ROUND	166_round	1395	Mama Cuona Menba	chir55mo53		Lu2002	
34	175_seven	seven	SEVEN	175_seven	1704	Mama Cuona Menba	nis55		Lu2002	
35	176_sharp	sharp	SHARP	176_sharp	1396	Mama Cuona Menba	tɕhet55po53		Lu2002	
36	179_short	short	SHORT	179_short	1645	Mama Cuona Menba	thuŋ55po53		Lu2002	
37	184_six	six	SIX	184_six	1703	Mama Cuona Menba	kroʔ35		Lu2002	
38	188_small	small	SMALL	188_small	1246	Mama Cuona Menba	priu53		Lu2002	
39	194_soft	soft	SOFT	194_soft	1856	Mama Cuona Menba	dʑam35mo53		Lu2002	
40	204_straight	straight	STRAIGHT	204_straight	1404	Mama Cuona Menba	kap55tuʔ53		Lu2002	
41	207_ten	ten	TEN	207_ten	1515	Mama Cuona Menba	tɕi53		Lu2002	
42	3_theant	the ant	ANT	3_theant	587	Mama Cuona Menba	ʂuk55pu53		Lu2002	
43	6_thebamboo	the bamboo	BAMBOO	6_thebamboo	1927	Mama Cuona Menba	ɲom35		Lu2002	
44	9_thebelly	the belly	BELLY	9_thebelly	1251	Mama Cuona Menba	cɛː55pa53		Lu2002	
45	12_thebird	the bird	BIRD	12_thebird	937	Mama Cuona Menba	tɕa35		Lu2002	
46	15_theblood	the blood	BLOOD	15_theblood	946	Mama Cuona Menba	ceʔ53		Lu2002	
47	18_thebone	the bone	BONE	18_thebone	1394	Mama Cuona Menba				
48	19_thebranch	the branch	BRANCH	19_thebranch	1531	Mama Cuona Menba	ʔa55lak53		Lu2002	
49	20_thebreastfemale	the breast (female)	BREAST	20_thebreastfemale	1402	Mama Cuona Menba	jɔ35		Lu2002	
50	25_thecloud	the cloud	CLOUD	25_thecloud	1489	Mama Cuona Menba	sa55caʔ53		Lu2002	
51	33_thedew	the dew	DEW	33_thedew	1977	Mama Cuona Menba	ziː35pa53		Lu2002	
52	37_thedog	the dog	DOG	37_thedog	2009	Mama Cuona Menba	chi53		Lu2002	
53	38_thedream	the dream	DREAM	38_thedream	2374	Mama Cuona Menba	mi35prem55		Lu2002	
54	41_thedust	the dust	DUST	41_thedust	2	Mama Cuona Menba				
55	42_theear	the ear	EAR	42_theear	1247	Mama Cuona Menba	nem35nɛn53		Lu2002	
56	44_theearthsoil	the earth (soil)	EARTH (SOIL)	44_theearthsoil	1228	Mama Cuona Menba	sa53		Lu2002	
57	47_theegg	the egg	EGG	47_theegg	744	Mama Cuona Menba	khaʔ53lum53		Lu2002	
58	49_theeye	the eye	EYE	49_theeye	1248	Mama Cuona Menba	meʔ53		Lu2002	
59	54_thefire	the fire	FIRE	54_thefire	221	Mama Cuona Menba	me35		Lu2002	
60	56_thefish	the fish	FISH	56_thefish	227	Mama Cuona Menba	ɲa35		Lu2002	
61	61_theflower	the flower	FLOWER	61_theflower	239	Mama Cuona Menba	min35thoʔ53		Lu2002	
62	64_thefoot	the foot	FOOT	64_thefoot	1301	Mama Cuona Menba	le35mɛʔ53		Lu2002	
63	65_theforest	the forest	FOREST	65_theforest	420	Mama Cuona Menba				
64	69_thefrog	the frog	FROG	69_thefrog	503	Mama Cuona Menba	bɛː35pa53		Lu2002	
65	70_thefrontfrontside	the front (front side)	FRONT (PART)	70_thefrontfrontside	2194	Mama Cuona Menba	ŋɛʔ53		Lu2002	
66	72_thefruit	the fruit	FRUIT	72_thefruit	1507	Mama Cuona Menba	ɕeŋ55toʔ53		Lu2002	
67	75_thegoat	the goat	GOAT	75_thegoat	1502	Mama Cuona Menba	ra35		Lu2002	
68	79_thehail	the hail	HAIL	79_thehail	609	Mama Cuona Menba	ser55wa53		Lu2002	
69	80_thehairofthehead	the hair (of the head)	HAIR	80_thehairofthehead	1040	Mama Cuona Menba	khra53		Lu2002	
70	81_thehand	the hand	HAND	81_thehand	1277	Mama Cuona Menba	la55dum55		Lu2002	
71	84_thehead	the head	HEAD	84_thehead	1256	Mama Cuona Menba	kɔk35theʔ53		Lu2002	
72	86_theheart	the heart	HEART	86_theheart	1223	Mama Cuona Menba	niŋ53		Lu2002	
73	94_thehornkeratinizedskin	the horn (keratinized skin)	HORN (ANATOMY)	94_thehornkeratinizedskin	1393	Mama Cuona Menba	ruː35		Lu2002	
74	97_thehouse	the house	HOUSE	97_thehouse	1252	Mama Cuona Menba	chem53		Lu2002	
75	106_theknee	the knee	KNEE	106_theknee	1371	Mama Cuona Menba				
76	112_theleaf	the leaf	LEAF	112_theleaf	628	Mama Cuona Menba	lɔ35ma53		Lu2002	
77	119_theliver	the liver	LIVER	119_theliver	1224	Mama Cuona Menba	tsi55mo53		Lu2002	
78	121_thelouse	the louse	LOUSE	121_thelouse	1392	Mama Cuona Menba	ɕeʔ35		Lu2002	
79	122_thelung	the lung	LUNG	122_thelung	688	Mama Cuona Menba	lɔː55		Lu2002	
80	123_themanmalehuman	the man (male human)	MALE PERSON	123_themanmalehuman	2106	Mama Cuona Menba	pu35		Lu2002	
81	126_themeat	the meat	MEAT	126_themeat	634	Mama Cuona Menba	ɕa53		Lu2002	
82	128_themoon	the moon	MOON	128_themoon	1313	Mama Cuona Menba	lɛː55tʰøn55		Lu2002	
83	132_themountain	the mountain	MOUNTAIN	132_themountain	639	Mama Cuona Menba	ri˧˥	ri35	Lu1986	
84	133_themouseorrat	the mouse or rat	MUROID (MOUSE OR RAT)	133_themouseorrat	2139	Mama Cuona Menba	tɕi35po53		Lu2002	
85	134_themouth	the mouth	MOUTH	134_themouth	674	Mama Cuona Menba	kha53		Lu2002	
86	135_themud	the mud	MUD	135_themud	640	Mama Cuona Menba	dAm˧˥	dAm35	Lu1986	
87	136_thenailfingernailorclaw	the nail (fingernail or claw)	CLAW OR NAIL	136_thenailfingernailorclaw	2128	Mama Cuona Menba	ziː35po53		Lu2002	
88	137_thename	the name	NAME	137_thename	1405	Mama Cuona Menba	meŋ35		Lu2002	
89	140_theneck	the neck	NECK	140_theneck	1333	Mama Cuona Menba	tak55pa53		Lu2002	
90	141_theneedleforsewing	the needle (for sewing)	NEEDLE (FOR SEWING)	141_theneedleforsewing	1382	Mama Cuona Menba	khɔm53		Lu2002	
91	146_thenose	the nose	NOSE	146_thenose	1221	Mama Cuona Menba	na53		Lu2002	
92	151_thepig	the pig	PIG	151_thepig	1337	Mama Cuona Menba	phaʔ53		Lu2002	
93	156_therain	the rain	RAIN (PRECIPITATION)	156_therain	658	Mama Cuona Menba	nAm˧˥	nAm35	Lu1986	
94	163_theroad	the road	ROAD	163_theroad	667	Mama Cuona Menba	lem35taŋ55		Lu2002	
95	164_theroot	the root	ROOT	164_theroot	670	Mama Cuona Menba	ra35		Lu2002	
96	165_therope	the rope	ROPE	165_therope	1218	Mama Cuona Menba	thek55pa53		Lu2002	
97	168_thesalt	the salt	SALT	168_thesalt	1274	Mama Cuona Menba	tsha53		Lu2002	
98	170_thesand	the sand	SAND	170_thesand	671	Mama Cuona Menba	tɕe35ma53		Lu2002	
99	174_theseed	the seed	SEED	174_theseed	714	Mama Cuona Menba	tɕu35		Lu2002	
100	250_theshit	the shit	SHIT (DEFECATE)	250_theshit	676	Mama Cuona Menba	ɲiŋ35		Lu2002	
101	180_theshoulder	the shoulder	SHOULDER	180_theshoulder	1482	Mama Cuona Menba	pu55pa53		Lu2002	
102	185_theskin	the skin	SKIN	185_theskin	763	Mama Cuona Menba	phe55khu53		Lu2002	
103	186_thesky	the sky	SKY	186_thesky	1732	Mama Cuona Menba	nam53		Lu2002	
104	190_thesmoke	the smoke	SMOKE (EXHAUST)	190_thesmoke	778	Mama Cuona Menba	me35kun55		Lu2002	
105	192_thesnake	the snake	SNAKE	192_thesnake	730	Mama Cuona Menba	breː35		Lu2002	
106	193_thesnow	the snow	SNOW	193_thesnow	784	Mama Cuona Menba	khA˥ru˥˧	khA55ru51	Lu1986	
107	195_theson	the son	SON	195_theson	1620	Mama Cuona Menba	pu35		Lu2002	
108	197_thespider	the spider	SPIDER	197_thespider	843	Mama Cuona Menba	dʐe35tom55		Lu2002	
109	200_thestar	the star	STAR	200_thestar	1430	Mama Cuona Menba	kar55ma53		Lu2002	
110	202_thestick	the stick	STICK	202_thestick	1295	Mama Cuona Menba	cuk55pa53		Lu2002	
111	203_thestoneapieceof	the stone (a piece of)	STONE	203_thestoneapieceof	857	Mama Cuona Menba	kɔr35		Lu2002	
112	205_thesun	the sun	SUN	205_thesun	1343	Mama Cuona Menba	plaŋ53		Lu2002	
113	206_thetail	the tail	TAIL	206_thetail	1220	Mama Cuona Menba	khlɛʔ53		Lu2002	
114	211_thethigh	the thigh	UPPER LEG (THIGH)	211_thethigh	471	Mama Cuona Menba				
115	218_thethunder	the thunder	THUNDER	218_thethunder	1150	Mama Cuona Menba	bruʔ53		Lu2002	
116	222_thetongue	the tongue	TONGUE	222_thetongue	1205	Mama Cuona Menba	le53		Lu2002	
117	223_thetoothfront	the tooth (front)	TOOTH	223_thetoothfront	1380	Mama Cuona Menba	wa53		Lu2002	
118	229_thewater	the water	WATER	229_thewater	948	Mama Cuona Menba	tshi53		Lu2002	
119	238_thewind	the wind	WIND	238_thewind	960	Mama Cuona Menba	røn˧˥	røn35	Lu1986	
120	239_thewing	the wing	WING	239_thewing	1257	Mama Cuona Menba	ɕɔk55pa53		Lu2002	
121	242_thewoman	the woman	WOMAN	242_thewoman	962	Mama Cuona Menba	pom35		Lu2002	
122	245_theyear	the year	YEAR	245_theyear	1226	Mama Cuona Menba	niŋ55		Lu2002	
123	210_thick	thick	THICK	210_thick	1244	Mama Cuona Menba	tuk55po53		Lu2002	
124	212_thinobject	thin (object)	THIN (OF SHAPE OF OBJECT)	212_thinobject	2249	Mama Cuona Menba	bra35mo53		Lu2002	
125	215_thousecondpersonsingular	thou [second person singular]	THOU	215_thousecondpersonsingular	1215	Mama Cuona Menba	ʔi53		Lu2002	
126	216_three	three	THREE	216_three	492	Mama Cuona Menba	sum53		Lu2002	
127	13_tobite	to bite	BITE	13_tobite	1403	Mama Cuona Menba	chaʔ53		Lu2002	
128	21_toburnintransitive	to burn [intransitive]	BURNING	21_toburnintransitive	1428	Mama Cuona Menba				
129	22_tobuy	to buy	BUY	22_tobuy	1869	Mama Cuona Menba	ɲer35		Lu2002	
130	23_tochew	to chew	CHEW	23_tochew	321	Mama Cuona Menba	kla35		Lu2002	
131	27_tocome	to come	COME	27_tocome	1446	Mama Cuona Menba	cɛʔ35		Lu2002	
132	29_tocount	to count	COUNT	29_tocount	1420	Mama Cuona Menba	tsi35ja35		Lu2002	
133	30_tocryweep	to cry (weep)	CRY	30_tocryweep	1839	Mama Cuona Menba	ŋu35		Lu2002	
134	34_todie	to die	DIE	34_todie	1494	Mama Cuona Menba	ɕi55po55		Lu2002	
135	35_todig	to dig	DIG	35_todig	1418	Mama Cuona Menba	koʔ35		Lu2002	
136	39_todrink	to drink	DRINK	39_todrink	1401	Mama Cuona Menba	toŋ55		Lu2002	
137	46_toeat	to eat	EAT	46_toeat	1336	Mama Cuona Menba	za35		Lu2002	
138	53_tofight	to fight	FIGHT	53_tofight	1423	Mama Cuona Menba	thaː55mo53ja35		Lu2002	
139	62_toflymovethroughair	to fly (move through air)	FLY (MOVE THROUGH AIR)	62_toflymovethroughair	1441	Mama Cuona Menba	phir55		Lu2002	
140	66_toforget	to forget	FORGET	66_toforget	1523	Mama Cuona Menba	ŋat35ne35		Lu2002	
141	74_togive	to give	GIVE	74_togive	1447	Mama Cuona Menba				
142	85_tohear	to hear	HEAR	85_tohear	1408	Mama Cuona Menba	ɲan35		Lu2002	
143	89_tohideconceal	to hide (conceal)	HIDE (CONCEAL)	89_tohideconceal	602	Mama Cuona Menba	tɕhi55ɲi35		Lu2002	
144	91_tohold	to hold	HOLD	91_tohold	1448	Mama Cuona Menba	zuŋ35		Lu2002	
145	104_tokill	to kill	KILL	104_tokill	1417	Mama Cuona Menba	sɔt53		Lu2002	
146	111_tolaugh	to laugh	LAUGH	111_tolaugh	1355	Mama Cuona Menba	cen35tar55		Lu2002	
147	115_tolick	to lick	LICK	115_tolick	319	Mama Cuona Menba	klA˧˥	klA35	Lu1986	
148	153_toplay	to play	PLAY	153_toplay	1413	Mama Cuona Menba	møn35to55pa31ja35		Lu2002	
149	155_topush	to push	PUSH	155_topush	1452	Mama Cuona Menba	tɔk˥thoʔ˥˧sa˧˩	tɔk55thoʔ53sa51	Lu1986	
150	159_toresidelive	to reside (live)	DWELL (LIVE, RESIDE)	159_toresidelive	363	Mama Cuona Menba	zuk35		Lu2002	
151	171_toscratch	to scratch	SCRATCH	171_toscratch	1436	Mama Cuona Menba	thoʔ˥˧	thoʔ53	Lu1986	
152	173_tosee	to see	SEE	173_tosee	1409	Mama Cuona Menba	meʔthoŋ53		Lu2002	
153	178_toshootanarrow	to shoot (an arrow)	SHOOT	178_toshootanarrow	1172	Mama Cuona Menba	bla35ja35		Lu2002	
154	183_tosing	to sing	SING	183_tosing	1261	Mama Cuona Menba	ʑɛʔ35thoʔ53		Lu2002	
155	187_tosleep	to sleep	SLEEP	187_tosleep	1585	Mama Cuona Menba	ɲɛː35		Lu2002	
156	189_tosmellperceiveodortransitive	to smell (perceive odor) [transitive]	SMELL (PERCEIVE)	189_tosmellperceiveodortransitive	1586	Mama Cuona Menba	ʂi53num35		Lu2002	
157	198_tospit	to spit	SPIT	198_tospit	1440	Mama Cuona Menba	kɔp35		Lu2002	
158	199_tostand	to stand	STAND	199_tostand	1442	Mama Cuona Menba	laŋ35		Lu2002	
159	201_tosteal	to steal	STEAL	201_tosteal	713	Mama Cuona Menba	kun53		Lu2002	
160	213_tothinkreflect	to think (reflect)	THINK (REFLECT)	213_tothinkreflect	1415	Mama Cuona Menba	kran35		Lu2002	
161	217_tothrow	to throw	THROW	217_tothrow	1456	Mama Cuona Menba	ɔt35		Lu2002	
162	227_tovomit	to vomit	VOMIT	227_tovomit	1278	Mama Cuona Menba	kɔp35		Lu2002	
163	228_towalk	to walk	WALK	228_towalk	1443	Mama Cuona Menba	cɛʔ35		Lu2002	
164	240_towipe	to wipe	WIPE	240_towipe	1454	Mama Cuona Menba	tɕhiʔ53		Lu2002	
165	226_two	two	TWO	226_two	1498	Mama Cuona Menba	nai35		Lu2002	
166	231_wet	wet	WET	231_wet	1726	Mama Cuona Menba	ɕer55pa53		Lu2002	
167	235_white	white	WHITE	235_white	1335	Mama Cuona Menba	cher55po53		Lu2002	
168	236_who	who	WHO	236_who	1235	Mama Cuona Menba	su53		Lu2002	
169	246_yellow	yellow	YELLOW	246_yellow	1424	Mama Cuona Menba	si55ru53		Lu2002	
170	101_ifirstpersonsingular	I [first person singular]	I	101_ifirstpersonsingular	1209	Wenlang Cuona Menba	ŋe35		Lu2002	
171	11_big	big	BIG	11_big	1202	Wenlang Cuona Menba	than55bu55		Lu2002	
172	14_black	black	BLACK	14_black	163	Wenlang Cuona Menba	mleŋ55bu55		Lu2002	
173	26_coldoftemperature	cold (of temperature)	COLD	26_coldoftemperature	1287	Wenlang Cuona Menba	tɕhak55ɲi55		Lu2002	
174	36_dirty	dirty	DIRTY	36_dirty	1230	Wenlang Cuona Menba	ʑo35lo55ka55		Lu2002	
175	40_dry	dry	DRY	40_dry	1398	Wenlang Cuona Menba	kem55ɲi55		Lu2002	
176	48_eight	eight	EIGHT	48_eight	1705	Wenlang Cuona Menba	get35		Lu2002	
177	50_far	far	FAR	50_far	1406	Wenlang Cuona Menba	tha55riŋ35ko55		Lu2002	
178	57_five	five	FIVE	57_five	493	Wenlang Cuona Menba	le35ŋa55		Lu2002	
179	67_four	four	FOUR	67_four	1500	Wenlang Cuona Menba	bli35		Lu2002	
180	73_full	full	FULL	73_full	1429	Wenlang Cuona Menba				
181	76_good	good	GOOD	76_good	1035	Wenlang Cuona Menba	leu35		Lu2002	
182	78_green	green	GREEN	78_green	1425	Wenlang Cuona Menba	ŋou55		Lu2002	
183	82_hard	hard	HARD	82_hard	1884	Wenlang Cuona Menba	ʂau55		Lu2002	
184	83_heorshethirdpersonsingular	he or she [third person singular]	HE OR SHE OR IT	83_heorshethirdpersonsingular	262	Wenlang Cuona Menba	bi35		Lu2002	
185	87_heavy	heavy	HEAVY	87_heavy	1210	Wenlang Cuona Menba	lin55		Lu2002	
186	96_hot	hot	HOT	96_hot	1286	Wenlang Cuona Menba	tshat55pa55		Lu2002	
187	103_inside	inside	INSIDE	103_inside	1606	Wenlang Cuona Menba	neŋ35ŋo35		Lu2002	
188	110_late	late	LATE	110_late	477	Wenlang Cuona Menba	ʑyr35po55		Lu2002	
189	114_left	left	LEFT	114_left	244	Wenlang Cuona Menba	jøn55pa55		Lu2002	
190	117_lightofweight	light (of weight)	LIGHT (WEIGHT)	117_lightofweight	1052	Wenlang Cuona Menba	jaŋ35bu55		Lu2002	
191	120_long	long	LONG	120_long	1203	Wenlang Cuona Menba	riŋ35ko53		Lu2002	
192	124_many	many	MANY	124_many	1198	Wenlang Cuona Menba	ge35ba35		Lu2002	
193	127_middle	middle	MIDDLE	127_middle	1093	Wenlang Cuona Menba	but35ka55		Lu2002	
194	129_morning	morning	MORNING	129_morning	1339	Wenlang Cuona Menba	nam35leŋ55		Lu2002	
195	139_near	near	NEAR	139_near	1942	Wenlang Cuona Menba	lan35be55		Lu2002	
196	142_new	new	NEW	142_new	1231	Wenlang Cuona Menba	se55ru55		Lu2002	
197	143_nine	nine	NINE	143_nine	1483	Wenlang Cuona Menba	du35gu55		Lu2002	
198	148_one	one	ONE	148_one	1493	Wenlang Cuona Menba	thi55		Lu2002	
199	150_outside	outside	OUTSIDE	150_outside	762	Wenlang Cuona Menba	tɕhi55ka55		Lu2002	
200	158_red	red	RED	158_red	156	Wenlang Cuona Menba	liu35		Lu2002	
201	161_right	right	RIGHT	161_right	1019	Wenlang Cuona Menba	e55pa53		Lu2002	
202	166_round	round	ROUND	166_round	1395	Wenlang Cuona Menba	gor35po35		Lu2002	
203	175_seven	seven	SEVEN	175_seven	1704	Wenlang Cuona Menba	ɲi55		Lu2002	
204	176_sharp	sharp	SHARP	176_sharp	1396	Wenlang Cuona Menba	tɕhat55po55		Lu2002	
205	179_short	short	SHORT	179_short	1645	Wenlang Cuona Menba	thoŋ55ko55		Lu2002	
206	184_six	six	SIX	184_six	1703	Wenlang Cuona Menba	grok35		Lu2002	
207	188_small	small	SMALL	188_small	1246	Wenlang Cuona Menba	breu55ɣu55		Lu2002	
208	194_soft	soft	SOFT	194_soft	1856	Wenlang Cuona Menba	dʑam35bu55		Lu2002	
209	204_straight	straight	STRAIGHT	204_straight	1404	Wenlang Cuona Menba	døt35poŋ55		Lu2002	
210	207_ten	ten	TEN	207_ten	1515	Wenlang Cuona Menba	tɕi55		Lu2002	
211	3_theant	the ant	ANT	3_theant	587	Wenlang Cuona Menba	xrok55pu55		Lu2002	
212	6_thebamboo	the bamboo	BAMBOO	6_thebamboo	1927	Wenlang Cuona Menba	so55		Lu2002	
213	9_thebelly	the belly	BELLY	9_thebelly	1251	Wenlang Cuona Menba	ke55pa53		Lu2002	
214	12_thebird	the bird	BIRD	12_thebird	937	Wenlang Cuona Menba	ɕa35		Lu2002	
215	15_theblood	the blood	BLOOD	15_theblood	946	Wenlang Cuona Menba	ki55		Lu2002	
216	18_thebone	the bone	BONE	18_thebone	1394	Wenlang Cuona Menba				
217	19_thebranch	the branch	BRANCH	19_thebranch	1531	Wenlang Cuona Menba	a55lak55		Lu2002	
218	20_thebreastfemale	the breast (female)	BREAST	20_thebreastfemale	1402	Wenlang Cuona Menba	jo35		Lu2002	
219	25_thecloud	the cloud	CLOUD	25_thecloud	1489	Wenlang Cuona Menba	sa55tɕa55		Lu2002	
220	33_thedew	the dew	DEW	33_thedew	1977	Wenlang Cuona Menba	ziː35ba55		Lu2002	
221	37_thedog	the dog	DOG	37_thedog	2009	Wenlang Cuona Menba	khi55		Lu2002	
222	38_thedream	the dream	DREAM	38_thedream	2374	Wenlang Cuona Menba	mre35phre55		Lu2002	
223	41_thedust	the dust	DUST	41_thedust	2	Wenlang Cuona Menba				
224	42_theear	the ear	EAR	42_theear	1247	Wenlang Cuona Menba	na55lap55		Lu2002	
225	44_theearthsoil	the earth (soil)	EARTH (SOIL)	44_theearthsoil	1228	Wenlang Cuona Menba	sa55		Lu2002	
226	47_theegg	the egg	EGG	47_theegg	744	Wenlang Cuona Menba	kha55lum55		Lu2002	
227	49_theeye	the eye	EYE	49_theeye	1248	Wenlang Cuona Menba	mek55		Lu2002	
228	54_thefire	the fire	FIRE	54_thefire	221	Wenlang Cuona Menba	me35		Lu2002	
229	56_thefish	the fish	FISH	56_thefish	227	Wenlang Cuona Menba	ɲa35		Lu2002	
230	61_theflower	the flower	FLOWER	61_theflower	239	Wenlang Cuona Menba	men55to55		Lu2002	
231	64_thefoot	the foot	FOOT	64_thefoot	1301	Wenlang Cuona Menba	li35min55		Lu2002	
232	65_theforest	the forest	FOREST	65_theforest	420	Wenlang Cuona Menba				
233	69_thefrog	the frog	FROG	69_thefrog	503	Wenlang Cuona Menba	pai55po55		Lu2002	
234	70_thefrontfrontside	the front (front side)	FRONT (PART)	70_thefrontfrontside	2194	Wenlang Cuona Menba	ɲi55ka55		Lu2002	
235	72_thefruit	the fruit	FRUIT	72_thefruit	1507	Wenlang Cuona Menba	ɕeŋ55tuk55		Lu2002	
236	75_thegoat	the goat	GOAT	75_thegoat	1502	Wenlang Cuona Menba	ra35		Lu2002	
237	79_thehail	the hail	HAIL	79_thehail	609	Wenlang Cuona Menba	ser55ba55		Lu2002	
238	80_thehairofthehead	the hair (of the head)	HAIR	80_thehairofthehead	1040	Wenlang Cuona Menba	khra55		Lu2002	
239	81_thehand	the hand	HAND	81_thehand	1277	Wenlang Cuona Menba	lak55tɕuŋ55		Lu2002	
240	84_thehead	the head	HEAD	84_thehead	1256	Wenlang Cuona Menba	go35te55		Lu2002	
241	86_theheart	the heart	HEART	86_theheart	1223	Wenlang Cuona Menba	neŋ55		Lu2002	
242	94_thehornkeratinizedskin	the horn (keratinized skin)	HORN (ANATOMY)	94_thehornkeratinizedskin	1393	Wenlang Cuona Menba	ru35wa55		Lu2002	
243	97_thehouse	the house	HOUSE	97_thehouse	1252	Wenlang Cuona Menba	khem55		Lu2002	
244	106_theknee	the knee	KNEE	106_theknee	1371	Wenlang Cuona Menba				
245	112_theleaf	the leaf	LEAF	112_theleaf	628	Wenlang Cuona Menba	blap35ma55		Lu2002	
246	119_theliver	the liver	LIVER	119_theliver	1224	Wenlang Cuona Menba	tin55po55		Lu2002	
247	121_thelouse	the louse	LOUSE	121_thelouse	1392	Wenlang Cuona Menba	ɕi55		Lu2002	
248	122_thelung	the lung	LUNG	122_thelung	688	Wenlang Cuona Menba	lo55wa55		Lu2002	
249	123_themanmalehuman	the man (male human)	MALE PERSON	123_themanmalehuman	2106	Wenlang Cuona Menba	phø55tsa55		Lu2002	
250	126_themeat	the meat	MEAT	126_themeat	634	Wenlang Cuona Menba	ɕa53		Lu2002	
251	128_themoon	the moon	MOON	128_themoon	1313	Wenlang Cuona Menba	le55		Lu2002	
252	132_themountain	the mountain	MOUNTAIN	132_themountain	639	Wenlang Cuona Menba	ri˧˥	ri35	Lu1986	
253	133_themouseorrat	the mouse or rat	MUROID (MOUSE OR RAT)	133_themouseorrat	2139	Wenlang Cuona Menba	ɕu35		Lu2002	
254	134_themouth	the mouth	MOUTH	134_themouth	674	Wenlang Cuona Menba	kha53		Lu2002	
255	135_themud	the mud	MUD	135_themud	640	Wenlang Cuona Menba	ɲin˧˥tsaŋ˥	ɲin35tsaŋ55	Lu1986	
256	136_thenailfingernailorclaw	the nail (fingernail or claw)	CLAW OR NAIL	136_thenailfingernailorclaw	2128	Wenlang Cuona Menba	zim35poŋ55		Lu2002	
257	137_thename	the name	NAME	137_thename	1405	Wenlang Cuona Menba	meŋ35		Lu2002	
258	140_theneck	the neck	NECK	140_theneck	1333	Wenlang Cuona Menba	tap55pa55		Lu2002	
259	141_theneedleforsewing	the needle (for sewing)	NEEDLE (FOR SEWING)	141_theneedleforsewing	1382	Wenlang Cuona Menba	khop55		Lu2002	
260	146_thenose	the nose	NOSE	146_thenose	1221	Wenlang Cuona Menba	na55		Lu2002	
261	151_thepig	the pig	PIG	151_thepig	1337	Wenlang Cuona Menba	pha55		Lu2002	
262	156_therain	the rain	RAIN (PRECIPITATION)	156_therain	658	Wenlang Cuona Menba	nɑm˧˥	nɑm35	Lu1986	
263	163_theroad	the road	ROAD	163_theroad	667	Wenlang Cuona Menba	lem35daŋ55		Lu2002	
264	164_theroot	the root	ROOT	164_theroot	670	Wenlang Cuona Menba	tsa55		Lu2002	
265	165_therope	the rope	ROPE	165_therope	1218	Wenlang Cuona Menba	thek55pa55		Lu2002	
266	168_thesalt	the salt	SALT	168_thesalt	1274	Wenlang Cuona Menba	tsha55		Lu2002	
267	170_thesand	the sand	SAND	170_thesand	671	Wenlang Cuona Menba	dʑe35ma55		Lu2002	
268	174_theseed	the seed	SEED	174_theseed	714	Wenlang Cuona Menba	la55		Lu2002	
269	250_theshit	the shit	SHIT (DEFECATE)	250_theshit	676	Wenlang Cuona Menba	ɲiŋ35		Lu2002	
270	180_theshoulder	the shoulder	SHOULDER	180_theshoulder	1482	Wenlang Cuona Menba	pum55pa55		Lu2002	
271	185_theskin	the skin	SKIN	185_theskin	763	Wenlang Cuona Menba	phiu55		Lu2002	
272	186_thesky	the sky	SKY	186_thesky	1732	Wenlang Cuona Menba	nam53		Lu2002	
273	190_thesmoke	the smoke	SMOKE (EXHAUST)	190_thesmoke	778	Wenlang Cuona Menba	me35gun55		Lu2002	
274	192_thesnake	the snake	SNAKE	192_thesnake	730	Wenlang Cuona Menba	mu35ri55		Lu2002	
275	193_thesnow	the snow	SNOW	193_thesnow	784	Wenlang Cuona Menba	khɑ˥wɑ˥	khɑ55wɑ55	Lu1986	
276	195_theson	the son	SON	195_theson	1620	Wenlang Cuona Menba	bu35		Lu2002	
277	197_thespider	the spider	SPIDER	197_thespider	843	Wenlang Cuona Menba	kaŋ55pra55mo55		Lu2002	
278	200_thestar	the star	STAR	200_thestar	1430	Wenlang Cuona Menba	kar55ma55		Lu2002	
279	202_thestick	the stick	STICK	202_thestick	1295	Wenlang Cuona Menba	khar55ba53		Lu2002	
280	203_thestoneapieceof	the stone (a piece of)	STONE	203_thestoneapieceof	857	Wenlang Cuona Menba	gor35		Lu2002	
281	205_thesun	the sun	SUN	205_thesun	1343	Wenlang Cuona Menba	plaŋ55		Lu2002	
282	206_thetail	the tail	TAIL	206_thetail	1220	Wenlang Cuona Menba	khrek55		Lu2002	
283	211_thethigh	the thigh	UPPER LEG (THIGH)	211_thethigh	471	Wenlang Cuona Menba				
284	218_thethunder	the thunder	THUNDER	218_thethunder	1150	Wenlang Cuona Menba	bruk35		Lu2002	
285	222_thetongue	the tongue	TONGUE	222_thetongue	1205	Wenlang Cuona Menba	le55		Lu2002	
286	223_thetoothfront	the tooth (front)	TOOTH	223_thetoothfront	1380	Wenlang Cuona Menba	wa55		Lu2002	
287	229_thewater	the water	WATER	229_thewater	948	Wenlang Cuona Menba	tshi55		Lu2002	
288	238_thewind	the wind	WIND	238_thewind	960	Wenlang Cuona Menba	xrot˥	xrot55	Lu1986	
289	239_thewing	the wing	WING	239_thewing	1257	Wenlang Cuona Menba	ɕom55pek55		Lu2002	
290	242_thewoman	the woman	WOMAN	242_thewoman	962	Wenlang Cuona Menba	mø35tsha55		Lu2002	
291	245_theyear	the year	YEAR	245_theyear	1226	Wenlang Cuona Menba	niŋ55		Lu2002	
292	210_thick	thick	THICK	210_thick	1244	Wenlang Cuona Menba	tuk55po55		Lu2002	
293	212_thinobject	thin (object)	THIN (OF SHAPE OF OBJECT)	212_thinobject	2249	Wenlang Cuona Menba	ŋra35pu55		Lu2002	
294	215_thousecondpersonsingular	thou [second person singular]	THOU	215_thousecondpersonsingular	1215	Wenlang Cuona Menba	i55		Lu2002	
295	216_three	three	THREE	216_three	492	Wenlang Cuona Menba	som55		Lu2002	
296	13_tobite	to bite	BITE	13_tobite	1403	Wenlang Cuona Menba	ŋom55mu55		Lu2002	
297	21_toburnintransitive	to burn [intransitive]	BURNING	21_toburnintransitive	1428	Wenlang Cuona Menba				
298	22_tobuy	to buy	BUY	22_tobuy	1869	Wenlang Cuona Menba	ɲeu35		Lu2002	
299	23_tochew	to chew	CHEW	23_tochew	321	Wenlang Cuona Menba	ŋlak35		Lu2002	
300	27_tocome	to come	COME	27_tocome	1446	Wenlang Cuona Menba	gai35		Lu2002	
301	29_tocount	to count	COUNT	29_tocount	1420	Wenlang Cuona Menba	tsi55		Lu2002	
302	30_tocryweep	to cry (weep)	CRY	30_tocryweep	1839	Wenlang Cuona Menba	ŋru35		Lu2002	
303	34_todie	to die	DIE	34_todie	1494	Wenlang Cuona Menba	ɕiu55		Lu2002	
304	35_todig	to dig	DIG	35_todig	1418	Wenlang Cuona Menba	ko55pu55		Lu2002	
305	39_todrink	to drink	DRINK	39_todrink	1401	Wenlang Cuona Menba	thoŋ55ɲa55		Lu2002	
306	46_toeat	to eat	EAT	46_toeat	1336	Wenlang Cuona Menba	za35		Lu2002	
307	53_tofight	to fight	FIGHT	53_tofight	1423	Wenlang Cuona Menba	tet55tet55ma55		Lu2002	
308	62_toflymovethroughair	to fly (move through air)	FLY (MOVE THROUGH AIR)	62_toflymovethroughair	1441	Wenlang Cuona Menba	phen55		Lu2002	
309	66_toforget	to forget	FORGET	66_toforget	1523	Wenlang Cuona Menba	ŋat35ɲi55		Lu2002	
310	74_togive	to give	GIVE	74_togive	1447	Wenlang Cuona Menba				
311	85_tohear	to hear	HEAR	85_tohear	1408	Wenlang Cuona Menba	ɲa35na55		Lu2002	
312	89_tohideconceal	to hide (conceal)	HIDE (CONCEAL)	89_tohideconceal	602	Wenlang Cuona Menba	phi55		Lu2002	
313	91_tohold	to hold	HOLD	91_tohold	1448	Wenlang Cuona Menba	zuŋ35		Lu2002	
314	104_tokill	to kill	KILL	104_tokill	1417	Wenlang Cuona Menba	sot53		Lu2002	
315	111_tolaugh	to laugh	LAUGH	111_tolaugh	1355	Wenlang Cuona Menba	git35tha55ru55		Lu2002	
316	115_tolick	to lick	LICK	115_tolick	319	Wenlang Cuona Menba	ŋlɑk˧˥	ŋlɑk35	Lu1986	
317	153_toplay	to play	PLAY	153_toplay	1413	Wenlang Cuona Menba	wa35thoŋ55		Lu2002	
318	155_topush	to push	PUSH	155_topush	1452	Wenlang Cuona Menba	to˥gɑ˥	to55gɑ55	Lu1986	
319	159_toresidelive	to reside (live)	DWELL (LIVE, RESIDE)	159_toresidelive	363	Wenlang Cuona Menba	zu35ga35		Lu2002	
320	171_toscratch	to scratch	SCRATCH	171_toscratch	1436	Wenlang Cuona Menba	re˧˥	re35	Lu1986	
321	173_tosee	to see	SEE	173_tosee	1409	Wenlang Cuona Menba	toŋ55ŋu55		Lu2002	
322	178_toshootanarrow	to shoot (an arrow)	SHOOT	178_toshootanarrow	1172	Wenlang Cuona Menba	phoŋ55		Lu2002	
323	183_tosing	to sing	SING	183_tosing	1261	Wenlang Cuona Menba	ʨe35thoŋ55ŋa55		Lu2002	
324	187_tosleep	to sleep	SLEEP	187_tosleep	1585	Wenlang Cuona Menba	ɲe35		Lu2002	
325	189_tosmellperceiveodortransitive	to smell (perceive odor) [transitive]	SMELL (PERCEIVE)	189_tosmellperceiveodortransitive	1586	Wenlang Cuona Menba	nem35do55		Lu2002	
326	198_tospit	to spit	SPIT	198_tospit	1440	Wenlang Cuona Menba	gop35		Lu2002	
327	199_tostand	to stand	STAND	199_tostand	1442	Wenlang Cuona Menba	laŋ55ŋa55		Lu2002	
328	201_tosteal	to steal	STEAL	201_tosteal	713	Wenlang Cuona Menba	kun55		Lu2002	
329	213_tothinkreflect	to think (reflect)	THINK (REFLECT)	213_tothinkreflect	1415	Wenlang Cuona Menba	sem55dʐa35thaŋ55		Lu2002	
330	217_tothrow	to throw	THROW	217_tothrow	1456	Wenlang Cuona Menba	wat35		Lu2002	
331	227_tovomit	to vomit	VOMIT	227_tovomit	1278	Wenlang Cuona Menba	gop35		Lu2002	
332	228_towalk	to walk	WALK	228_towalk	1443	Wenlang Cuona Menba	ga35la55		Lu2002	
333	240_towipe	to wipe	WIPE	240_towipe	1454	Wenlang Cuona Menba	tɕhi55		Lu2002	
334	226_two	two	TWO	226_two	1498	Wenlang Cuona Menba	nai35		Lu2002	
335	231_wet	wet	WET	231_wet	1726	Wenlang Cuona Menba	dʑap35dʑap35		Lu2002	
336	235_white	white	WHITE	235_white	1335	Wenlang Cuona Menba	khe55ru55		Lu2002	
337	236_who	who	WHO	236_who	1235	Wenlang Cuona Menba	su55		Lu2002	
338	246_yellow	yellow	YELLOW	246_yellow	1424	Wenlang Cuona Menba	ser55pu55		Lu2002	
339	55_firewood	firewood	FIREWOOD	55_firewood	10	Mama Cuona Menba			Lu1986	
340	55_firewood	firewood	FIREWOOD	55_firewood	10	Wenlang Cuona Menba			Lu1986	
341	145_noon	noon	MIDDAY	145_noon	12	Mama Cuona Menba	ȵin˧˥kuŋ˥	ȵin35kuŋ55	Lu1986	
342	145_noon	noon	MIDDAY	145_noon	12	Wenlang Cuona Menba	ȵin˧˥~ʑuŋ˧˥kɑ˥	ȵin35	Lu1986	
343	149_theotter	the otter	OTTER	149_theotter	15	Mama Cuona Menba	tʂAm˥˧	tʂAm53	Lu1986	
344	149_theotter	the otter	OTTER	149_theotter	15	Wenlang Cuona Menba	tsɑm˥	tsɑm55	Lu1986	
345	208_that	that	THAT	208_that	78	Mama Cuona Menba	mo˧˥	mo35	Lu1986	
346	208_that	that	THAT	208_that	78	Wenlang Cuona Menba	o˥mo˥	o55mo55	Lu1986	
347	2_all	all	ALL	2_all	98	Mama Cuona Menba	tsAŋ˥mA˥˧~kA˧˥ne˥	tsAŋ55mA53	Lu1986	
348	2_all	all	ALL	2_all	98	Wenlang Cuona Menba	ge˧˥kɑ˧˥	ge35kɑ35	Lu1986	
349	88_here	here	HERE	88_here	136	Mama Cuona Menba	tso˧˥ko˥˧	tso35ko53	Lu1986	
350	88_here	here	HERE	88_here	136	Wenlang Cuona Menba	tso˥ko˥	tso55ko55	Lu1986	
351	92_thehoof	the hoof	HOOF	92_thehoof	152	Mama Cuona Menba	ne˧˥wA˥˧	ne35wA53	Lu1986	
352	92_thehoof	the hoof	HOOF	92_thehoof	152	Wenlang Cuona Menba	ȵo˧˥ɕup˥	ȵo35ɕup55	Lu1986	
353	16_toblowofwind	to blow (of wind)	BLOW (OF WIND)	16_toblowofwind	175	Mama Cuona Menba	thoʔ˥˧	thoʔ53	Lu1986	
354	16_toblowofwind	to blow (of wind)	BLOW (OF WIND)	16_toblowofwind	175	Wenlang Cuona Menba	re˧˥	re35	Lu1986	
355	17_thebodyhairhairorfur	the body hair (hair or fur)	HAIR (BODY)	17_thebodyhairhairorfur	189	Mama Cuona Menba	pu˥˧	pu53	Lu1986	fur
356	17_thebodyhairhairorfur	the body hair (hair or fur)	HAIR (BODY)	17_thebodyhairhairorfur	189	Wenlang Cuona Menba	pu˥	pu55	Lu1986	fur
357	116_toliedown	to lie down	LIE DOWN	116_toliedown	215	Mama Cuona Menba			Lu1986	
358	116_toliedown	to lie down	LIE DOWN	116_toliedown	215	Wenlang Cuona Menba			Lu1986	
359	58_theflea	the flea	FLEA	58_theflea	232	Mama Cuona Menba	liu˥	liu55	Lu1986	
360	58_theflea	the flea	FLEA	58_theflea	232	Wenlang Cuona Menba	liu˥	liu55	Lu1986	
361	63_thefog	the fog	FOG	63_thefog	249	Mama Cuona Menba	sA˥cAʔ˥˧	sA55cAʔ53	Lu1986	
362	63_thefog	the fog	FOG	63_thefog	249	Wenlang Cuona Menba	sɑ˥tɕɑ˥	sɑ55tɕɑ55	Lu1986	
363	144_thenit	the nit	NIT	144_thenit	267	Mama Cuona Menba	ʂu˥˧	ʂu53	Lu1986	
364	144_thenit	the nit	NIT	144_thenit	267	Wenlang Cuona Menba	ʂu˥	ʂu55	Lu1986	
365	105_toknead	to knead	KNEAD	105_toknead	274	Mama Cuona Menba	nuʔ˥˧	nuʔ53	Lu1986	
366	105_toknead	to knead	KNEAD	105_toknead	274	Wenlang Cuona Menba	nu˥gɑ˥	nu55gɑ55	Lu1986	
367	182_thesickle	the sickle	SICKLE	182_thesickle	341	Mama Cuona Menba	ŋA:˧˥zɔr˧˥	ŋA:35zɔr35	Lu1986	
368	182_thesickle	the sickle	SICKLE	182_thesickle	341	Wenlang Cuona Menba	ŋɑ˧˥zor˧˥	ŋɑ35zor35	Lu1986	
369	110_late	late	LATE	110_late	477	Mama Cuona Menba	jyt˧˥po˥˧	jyt53po53	Lu1986	
370	110_late	late	LATE	110_late	477	Wenlang Cuona Menba	ʑyr˧˥po˥	ʑyr35po55	Lu1986	
371	118_thelipthelips	the lip (the lips)	LIP	118_thelipthelips	478	Mama Cuona Menba	tɕhu˥tɔ˥men˥˧	tɕhu55tɔ55men53	Lu1986	
372	118_thelipthelips	the lip (the lips)	LIP	118_thelipthelips	478	Wenlang Cuona Menba	tɕhuŋ˥min˥	tɕhuŋ55min55	Lu1986	
373	181_shy	shy	SHY	181_shy	487	Mama Cuona Menba			Lu1986	
374	181_shy	shy	SHY	181_shy	487	Wenlang Cuona Menba			Lu1986	
375	113_tolearn	to learn	LEARN	113_tolearn	504	Mama Cuona Menba	lop˥˧	lop53	Lu1986	
376	113_tolearn	to learn	LEARN	113_tolearn	504	Wenlang Cuona Menba	lop˥	lop55	Lu1986	
377	241_thewolf	the wolf	WOLF	241_thewolf	522	Mama Cuona Menba	ɕAŋ˥ku˥˧	ɕAŋ55ku53	Lu1986	
378	241_thewolf	the wolf	WOLF	241_thewolf	522	Wenlang Cuona Menba	pha˥ra˥	pha55ra55	Lu1986	
379	77_thegrass	the grass	GRASS	77_thegrass	606	Mama Cuona Menba	ŋøn˥	ŋøn55	Lu1986	
380	77_thegrass	the grass	GRASS	77_thegrass	606	Wenlang Cuona Menba	ŋon˥	ŋon55	Lu1986	
381	95_thehorse	the horse	HORSE	95_thehorse	615	Mama Cuona Menba	te˥˧	te53	Lu1986	
382	95_thehorse	the horse	HORSE	95_thehorse	615	Wenlang Cuona Menba	te˥	te55	Lu1986	
383	102_theice	the ice	ICE	102_theice	617	Mama Cuona Menba	chen˥˧	chen53	Lu1986	
384	102_theice	the ice	ICE	102_theice	617	Wenlang Cuona Menba	tɕhɑk˥ȵi˥	tɕhɑk55ȵi55	Lu1986	
385	109_thelake	the lake	LAKE	109_thelake	624	Mama Cuona Menba	tshɔ˥˧	tshɔ53	Lu1986	
386	109_thelake	the lake	LAKE	109_thelake	624	Wenlang Cuona Menba	tsho˥	tsho55	Lu1986	
387	162_theriver	the river	RIVER	162_theriver	666	Mama Cuona Menba	tshi˥˧tA˥˧	tshi53tA53	Lu1986	
388	162_theriver	the river	RIVER	162_theriver	666	Wenlang Cuona Menba	luŋ˥tɕhu˥	luŋ55tɕhu55	Lu1986	
389	43_early	early	EARLY	43_early	672	Mama Cuona Menba	ȵen˥po˥˧	ȵen55po53	Lu1986	
390	43_early	early	EARLY	43_early	672	Wenlang Cuona Menba	ŋe˥nɑ˥	ŋe55nɑ55	Lu1986	
391	31_dark	dark	DARK	31_dark	706	Mama Cuona Menba	pleŋ˧˥pho˥˧	pleŋ35pho53	Lu1986	
392	31_dark	dark	DARK	31_dark	706	Wenlang Cuona Menba	mi˧˥na˥	mi35na55	Lu1986	
393	244_tosowbroadcastscatterseeds	to sow (broadcast, scatter seeds)	SOW SEEDS	244_tosowbroadcastscatterseeds	748	Mama Cuona Menba	tɔr˥	tɔr55	Lu1986	
394	244_tosowbroadcastscatterseeds	to sow (broadcast, scatter seeds)	SOW SEEDS	244_tosowbroadcastscatterseeds	748	Wenlang Cuona Menba	tor˥	tor55	Lu1986	
395	219_thetiger	the tiger	TIGER	219_thetiger	846	Mama Cuona Menba	tAʔ˥˧	tAʔ53	Lu1986	
396	219_thetiger	the tiger	TIGER	219_thetiger	846	Wenlang Cuona Menba	tɑ˥	tɑ55	Lu1986	
397	224_thetree	the tree	TREE	224_thetree	906	Mama Cuona Menba	ɕeŋ˥mA˥˧	ɕeŋ55mA53	Lu1986	
398	224_thetree	the tree	TREE	224_thetree	906	Wenlang Cuona Menba	ɕeŋ˥	ɕeŋ55	Lu1986	
399	7_thebarleytibetanorhighland	the barley (tibetan or highland)	BARLEY	7_thebarleytibetanorhighland	932	Mama Cuona Menba	nAʔ˧˥	nAʔ35	Lu1986	
400	7_thebarleytibetanorhighland	the barley (tibetan or highland)	BARLEY	7_thebarleytibetanorhighland	932	Wenlang Cuona Menba	ne˧˥	ne35	Lu1986	
401	233_thewheat	the wheat	WHEAT	233_thewheat	1077	Mama Cuona Menba	kɔ˥˧	kɔ53	Lu1986	
402	233_thewheat	the wheat	WHEAT	233_thewheat	1077	Wenlang Cuona Menba	dʐo˧˥	dʐo35	Lu1986	
403	169_salty	salty	SALTY	169_salty	1091	Mama Cuona Menba	tshA˥˧ku˥˧	tshA53ku53	Lu1986	
404	169_salty	salty	SALTY	169_salty	1091	Wenlang Cuona Menba	tshɑ˥khau˥	tshɑ55khau55	Lu1986	
405	230_wefirstpersonpluralinclusive	we [first person plural inclusive]	WE (INCLUSIVE)	230_wefirstpersonpluralinclusive	1131	Mama Cuona Menba	ŋA˧˥tAŋ˥˧	ŋA35tAŋ53	Lu1986	
406	230_wefirstpersonpluralinclusive	we [first person plural inclusive]	WE (INCLUSIVE)	230_wefirstpersonpluralinclusive	1131	Wenlang Cuona Menba	ŋɑ˧˥tɑŋ˥	ŋɑ35tɑŋ55	Lu1986	
407	247_yesterday	yesterday	YESTERDAY	247_yesterday	1174	Mama Cuona Menba	dAŋ˧˥	dAŋ35	Lu1986	
408	247_yesterday	yesterday	YESTERDAY	247_yesterday	1174	Wenlang Cuona Menba	dɑŋ˧˥	dɑŋ35	Lu1986	
409	237_thewife	the wife	WIFE	237_thewife	1199	Mama Cuona Menba	pAk˧˥ser˥	pAk35ser55	Lu1986	
410	237_thewife	the wife	WIFE	237_thewife	1199	Wenlang Cuona Menba	bak˧˥sɑr˥	bak35sɑr55	Lu1986	
411	100_thehusband	the husband	HUSBAND	100_thehusband	1200	Mama Cuona Menba	mAk˧˥po˥˧	mAk35po53	Lu1986	
412	100_thehusband	the husband	HUSBAND	100_thehusband	1200	Wenlang Cuona Menba	za˧˥tshaŋ˥	za35tshaŋ55	Lu1986	
413	52_thefeather	the feather	FEATHER	52_thefeather	1201	Mama Cuona Menba	krɔ˧˥	krɔ35	Lu1986	
414	52_thefeather	the feather	FEATHER	52_thefeather	1201	Wenlang Cuona Menba	khɑ˥pu˥	khɑ55pu55	Lu1986	
415	249_young	young	YOUNG	249_young	1207	Mama Cuona Menba	nA˧˥ɕøn˥	nA35ɕøn55	Lu1986	
416	249_young	young	YOUNG	249_young	1207	Wenlang Cuona Menba	nɑ˧˥ʑøn˥	nɑ35ʑøn55	Lu1986	
417	248_yousecondpersonplural	you [second person plural]	YOU	248_yousecondpersonplural	1213	Mama Cuona Menba	ʔe˥˧rAʔ˥˧	ʔe53rAʔ53	Lu1986	
418	248_yousecondpersonplural	you [second person plural]	YOU	248_yousecondpersonplural	1213	Wenlang Cuona Menba	e˥rɑ˥	e55rɑ55	Lu1986	
419	214_this	this	THIS	214_this	1214	Mama Cuona Menba	tso˧˥	tso35	Lu1986	
420	214_this	this	THIS	214_this	1214	Wenlang Cuona Menba	o˥tso˥	o55tso55	Lu1986	
421	131_themother	the mother	MOTHER	131_themother	1216	Mama Cuona Menba	ʔA˥mA˥˧	ʔA55mA53	Lu1986	
422	131_themother	the mother	MOTHER	131_themother	1216	Wenlang Cuona Menba	ɑ˥mɑ˥	ɑ55mɑ55	Lu1986	
423	51_thefather	the father	FATHER	51_thefather	1217	Mama Cuona Menba	ʔA˥pA˥˧	ʔA55pA53	Lu1986	
424	51_thefather	the father	FATHER	51_thefather	1217	Wenlang Cuona Menba	ɑ˥pɑ˥	ɑ55pɑ55	Lu1986	
425	191_smooth	smooth	SMOOTH	191_smooth	1234	Mama Cuona Menba	num˥tshir˥	num55tshir55	Lu1986	
426	191_smooth	smooth	SMOOTH	191_smooth	1234	Wenlang Cuona Menba	te˥nɑ˥me˥mo˥	te55nɑ55me55mo55	Lu1986	
427	232_what	what	WHAT	232_what	1236	Mama Cuona Menba	tsi˧˥	tsi35	Lu1986	
428	232_what	what	WHAT	232_what	1236	Wenlang Cuona Menba	zi˧˥jɑ˥	zi35jɑ55	Lu1986	
429	234_where	where	WHERE	234_where	1237	Mama Cuona Menba	kA˧˩to˥˧	kA31to53	Lu1986	
430	234_where	where	WHERE	234_where	1237	Wenlang Cuona Menba	gɑ˧˥tɕe˥	gɑ35tɕe55	Lu1986	
431	90_hightall	high / tall	HIGH	90_hightall	1265	Mama Cuona Menba	thɔ˥po˥˧	thɔ55po53	Lu1986	
432	90_hightall	high / tall	HIGH	90_hightall	1265	Wenlang Cuona Menba	thyn˥pu˥	thyn55pu55	Lu1986	
433	138_narrow	narrow	NARROW	138_narrow	1267	Mama Cuona Menba	khA˥ɕAŋ˥priu˥˧	khA55ɕAŋ55priu53	Lu1986	
434	138_narrow	narrow	NARROW	138_narrow	1267	Wenlang Cuona Menba	pir˥tɕoŋ˥	pir55tɕoŋ55	Lu1986	
435	220_today	today	TODAY	220_today	1283	Mama Cuona Menba	tA˧˩ɕi˥˧	tA31ɕi53	Lu1986	
436	220_today	today	TODAY	220_today	1283	Wenlang Cuona Menba	dɑ˧˥ɕi˥	dɑ35ɕi55	Lu1986	
437	5_bad	bad	BAD	5_bad	1292	Mama Cuona Menba	tuk˧˥po˥˧	tuk35po53	Lu1986	
438	5_bad	bad	BAD	5_bad	1292	Wenlang Cuona Menba	gok˧˥pɑ˥	gok35pɑ55	Lu1986	
439	24_thechildyounghuman	the child (young human)	CHILD (YOUNG HUMAN)	24_thechildyounghuman	1304	Mama Cuona Menba	pu˧˥sA˥˧	pu35sA53	Lu1986	
440	24_thechildyounghuman	the child (young human)	CHILD (YOUNG HUMAN)	24_thechildyounghuman	1304	Wenlang Cuona Menba	bu˧˥tsɑ˥	bu35tsɑ55	Lu1986	
441	68_thefox	the fox	FOX	68_thefox	1312	Mama Cuona Menba	ʔoː˥mo˥˧	ʔoː55mo53	Lu1986	
442	68_thefox	the fox	FOX	68_thefox	1312	Wenlang Cuona Menba	wɑ˧˥mo˥	wɑ35mo55	Lu1986	
443	221_tomorrow	tomorrow	TOMORROW	221_tomorrow	1329	Mama Cuona Menba	nA˧˩neŋ˥	nA31neŋ55	Lu1986	
444	221_tomorrow	tomorrow	TOMORROW	221_tomorrow	1329	Wenlang Cuona Menba	no˧˥gor˧˥	no35gor35	Lu1986	
445	177_thesheep	the sheep	SHEEP	177_thesheep	1331	Mama Cuona Menba	rA˧˥jeŋ˧˥	rA35jeŋ35	Lu1986	
446	177_thesheep	the sheep	SHEEP	177_thesheep	1331	Wenlang Cuona Menba	rɑ˧˥jeŋ˧˥	rɑ35jeŋ35	Lu1986	
447	107_knife	knife	KNIFE	107_knife	1352	Mama Cuona Menba	chau˥˧	chau53	Lu1986	
448	107_knife	knife	KNIFE	107_knife	1352	Wenlang Cuona Menba	tɕhu˥bu˥	tɕhu55bu55	Lu1986	
449	32_thedaughter	the daughter	DAUGHTER	32_thedaughter	1357	Mama Cuona Menba	pu˧˥mo˥˧	pu35mo53	Lu1986	
450	32_thedaughter	the daughter	DAUGHTER	32_thedaughter	1357	Wenlang Cuona Menba	bu˧˥min˥	bu35min55	Lu1986	
451	108_toknowsomething	to know (something)	KNOW (SOMETHING)	108_toknowsomething	1410	Mama Cuona Menba	khAn˥ni˥˧	khAn55ni53	Lu1986	
452	108_toknowsomething	to know (something)	KNOW (SOMETHING)	108_toknowsomething	1410	Wenlang Cuona Menba	jik˧˥tɕhe˥	jik35tɕhe55	Lu1986	
453	8_tobealive	to be alive	BE ALIVE	8_tobealive	1422	Mama Cuona Menba	søn˥po˥˧	søn55po53	Lu1986	
454	8_tobealive	to be alive	BE ALIVE	8_tobealive	1422	Wenlang Cuona Menba	son˥po˥	son55po55	Lu1986	
455	99_tohunt	to hunt	HUNT	99_tohunt	1435	Mama Cuona Menba	ri˧˥tAʔ˥˧jA˥˧	ri35tAʔ53jA53	Lu1986	
456	99_tohunt	to hunt	HUNT	99_tohunt	1435	Wenlang Cuona Menba	ŋon˥biu˧˥	ŋon55biu35	Lu1986	
457	154_topull	to pull	PULL	154_topull	1455	Mama Cuona Menba	ʂe˥re˧˥ta˧˩	ʂe55re35ta31	Lu1986	
458	154_topull	to pull	PULL	154_topull	1455	Wenlang Cuona Menba	tɕu˥gu˥	tɕu55gu55	Lu1986	
459	172_thesea	the sea	SEA	172_thesea	1474	Mama Cuona Menba	tshɔ˥˧tA˥˧	tshɔ53tA53	Lu1986	
460	172_thesea	the sea	SEA	172_thesea	1474	Wenlang Cuona Menba	tsho˥	tsho55	Lu1986	
461	10_belowunder	below, under	BELOW OR UNDER	10_belowunder	1485	Mama Cuona Menba	mAr˥	mAr55	Lu1986	
462	10_belowunder	below, under	BELOW OR UNDER	10_belowunder	1485	Wenlang Cuona Menba	wa˥ka˥	wa55ka55	Lu1986	
463	152_toplantvegetalsrice	to plant (vegetals, rice)	PLANT (SOMETHING)	152_toplantvegetalsrice	1486	Mama Cuona Menba	tɕut˥	tɕut55	Lu1986	
464	152_toplantvegetalsrice	to plant (vegetals, rice)	PLANT (SOMETHING)	152_toplantvegetalsrice	1486	Wenlang Cuona Menba	keu˥	keu55	Lu1986	
465	130_themosquito	the mosquito	MOSQUITO	130_themosquito	1509	Mama Cuona Menba	tɕut˧˥pA˥˧kAŋ˥riŋ˧˥	tɕut35pA53kAŋ55riŋ35	Lu1986	
466	130_themosquito	the mosquito	MOSQUITO	130_themosquito	1509	Wenlang Cuona Menba	phu˥li˥	phu55li55	Lu1986	
467	167_torun	to run	RUN	167_torun	1519	Mama Cuona Menba	pir˧˥	pir35	Lu1986	
468	167_torun	to run	RUN	167_torun	1519	Wenlang Cuona Menba	tɕhuŋ˥	tɕhuŋ55	Lu1986	
469	59_tofloat	to float	FLOAT	59_tofloat	1574	Mama Cuona Menba	haŋ˥jɑ˧˥	haŋ55jɑ35	Lu1986	
470	59_tofloat	to float	FLOAT	59_tofloat	1574	Wenlang Cuona Menba	bon˧˥	bon35	Lu1986	
471	98_hundred	hundred	HUNDRED	98_hundred	1634	Mama Cuona Menba	chɛʔ˥˧le˧˩ŋe˥˧	chɛʔ53le31ŋe53	Lu1986	
472	98_hundred	hundred	HUNDRED	98_hundred	1634	Wenlang Cuona Menba	khɑi˥le˧˥ŋɑ˥	khɑi55le35ŋɑ55	Lu1986	
473	225_twenty	twenty	TWENTY	225_twenty	1710	Mama Cuona Menba	khA˥li˥˧	khA55li53	Lu1986	
474	225_twenty	twenty	TWENTY	225_twenty	1710	Wenlang Cuona Menba	khɑ˥li˥	khɑ55li55	Lu1986	
475	28_correctright	correct (right)	CORRECT (RIGHT)	28_correctright	1725	Mama Cuona Menba	tAk˧˥po˥˧	tAk35po53	Lu1986	
476	28_correctright	correct (right)	CORRECT (RIGHT)	28_correctright	1725	Wenlang Cuona Menba	jɑŋ˧˥dɑk˧˥pɑ˥	jɑŋ35dɑk35pɑ55	Lu1986	
477	157_therainbow	the rainbow	RAINBOW	157_therainbow	1733	Mama Cuona Menba	ȵA˥˧	ȵA53	Lu1986	
478	157_therainbow	the rainbow	RAINBOW	157_therainbow	1733	Wenlang Cuona Menba	dʑɑ˧˥	dʑɑ35	Lu1986	
479	1_above	above	ABOVE	1_above	1741	Mama Cuona Menba	jAr˥	jAr55	Lu1986	
480	1_above	above	ABOVE	1_above	1741	Wenlang Cuona Menba	ȵa˧˥ka˥	ȵa35ka55	Lu1986	
481	243_thewoodmaterial	the wood (material)	WOOD	243_thewoodmaterial	1803	Mama Cuona Menba	ɕeŋ˥	ɕeŋ55	Lu1986	
482	243_thewoodmaterial	the wood (material)	WOOD	243_thewoodmaterial	1803	Wenlang Cuona Menba	ɕeŋ˥duŋ˧˥	ɕeŋ55duŋ35	Lu1986	
483	196_thesparrow	the sparrow	SPARROW	196_thesparrow	1854	Mama Cuona Menba	tɕøː˧˥pe˧˩	tɕøː35pe31	Lu1986	
484	196_thesparrow	the sparrow	SPARROW	196_thesparrow	1854	Wenlang Cuona Menba	ʑu˧˥bu˥	ʑu35bu55	Lu1986	
485	4_thearmpit	the armpit	ARMPIT	4_thearmpit	1886	Mama Cuona Menba	tɕhen˥ko˥	tɕhen55ko55	Lu1986	
486	4_thearmpit	the armpit	ARMPIT	4_thearmpit	1886	Wenlang Cuona Menba	tɕhan˥tɕuŋ˥	tɕhan55tɕuŋ55	Lu1986	
487	209_there	there	THERE	209_there	1937	Mama Cuona Menba	mo˧˥ko˥˧	mo35ko53	Lu1986	
488	209_there	there	THERE	209_there	1937	Wenlang Cuona Menba	tho˥	tho55	Lu1986	
489	60_toflow	to flow	FLOW	60_toflow	2003	Mama Cuona Menba	cur˧˥jA˧˥	cur35jA35	Lu1986	
490	60_toflow	to flow	FLOW	60_toflow	2003	Wenlang Cuona Menba	dʑur˧˥	dʑur35	Lu1986	
491	160_thericeplant	the rice plant	RICE PLANT	160_thericeplant	2026	Mama Cuona Menba	dem˧˥	dem35	Lu1986	
492	160_thericeplant	the rice plant	RICE PLANT	160_thericeplant	2026	Wenlang Cuona Menba	dep˧˥	dep35	Lu1986	
493	71_thefrost	the frost	FROST	71_thefrost	2034	Mama Cuona Menba	phlA˥khu˥˧	phlA55khu53	Lu1986	
494	71_thefrost	the frost	FROST	71_thefrost	2034	Wenlang Cuona Menba	phrɑ˥ɣu˥	phrɑ55ɣu55	Lu1986	
495	147_oldofperson	old (of person)	OLD (AGED)	147_oldofperson	2112	Mama Cuona Menba	kAt˧˥po˥˧	kAt35po53	Lu1986	
496	147_oldofperson	old (of person)	OLD (AGED)	147_oldofperson	2112	Wenlang Cuona Menba	ge˧˥pu˥	ge35pu55	Lu1986	
497	125_tomarryamanmarriesawoman	to marry (a man marries a woman)	MARRY (AS MAN)	125_tomarryamanmarriesawoman	2164	Mama Cuona Menba	liŋ˧˥	liŋ35	Lu1986	
498	125_tomarryamanmarriesawoman	to marry (a man marries a woman)	MARRY (AS MAN)	125_tomarryamanmarriesawoman	2164	Wenlang Cuona Menba	tsheu˥	tsheu55	Lu1986	
499	45_theearthworm	the earthworm	EARTHWORM	45_theearthworm	2350	Mama Cuona Menba	ȵA˥le˥˧kun˧˥pu˥˧	ȵA55le53kun35pu53	Lu1986	
500	45_theearthworm	the earthworm	EARTHWORM	45_theearthworm	2350	Wenlang Cuona Menba	tɕoŋ˥ɡøn˧˥	tɕoŋ55ɡøn35	Lu1986	
501	93_horizontal	horizontal	HORIZONTAL	93_horizontal	2376	Mama Cuona Menba	phren˥mo˥˧	phren55mo53	Lu1986	
502	93_horizontal	horizontal	HORIZONTAL	93_horizontal	2376	Wenlang Cuona Menba	tɑŋ˥ŋu˥	tɑŋ55ŋu55	Lu1986	