RID	GLOSS	DOCULECT	LANGUAGE_NAME	CONCEPTICON_GLOSS	CONCEPTICON_ID	VALUE	FORM	SOURCE
0	1st pl.	WanghoBugun	Bugun	WE (INCLUSIVE)	1131	kəthəa	kə+tʰəa	Abraham
0	1st pl.	BichomBugun	Bugun	WE (INCLUSIVE)	1131	khət̪he	kʰə+t̪ʰe	Abraham
0	1st pl.	SingchungBugun	Bugun	WE (INCLUSIVE)	1131	kəthəa	kə+tʰəa	Abraham
0	1st pl.	KaspiBugun	Bugun	WE (INCLUSIVE)	1131	khət̪he	kʰə+t̪ʰe	Abraham
0	1st pl.	NamphriBugun	Bugun	WE (INCLUSIVE)	1131	gəthəe	gə+tʰəe	Abraham
1	1st sg. (I)	WanghoBugun	Bugun	I	1209	ko	ko	Abraham
1	1st sg. (I)	BichomBugun	Bugun	I	1209	"go; gu"	go	Abraham
1	1st sg. (I)	SingchungBugun	Bugun	I	1209	go	go	Abraham
1	1st sg. (I)	KaspiBugun	Bugun	I	1209	gu	gu	Abraham
1	1st sg. (I)	NamphriBugun	Bugun	I	1209	go	go	Abraham
2	2nd pl. (familiar)	WanghoBugun	Bugun	YOU	1213	nathəa	na+tʰəa	Abraham
2	2nd pl. (familiar)	BichomBugun	Bugun	YOU	1213	nat̪hek	na+t̪ʰek	Abraham
2	2nd pl. (familiar)	SingchungBugun	Bugun	YOU	1213	nathəa	na+tʰəa	Abraham
2	2nd pl. (familiar)	KaspiBugun	Bugun	YOU	1213	nathe	na+tʰe	Abraham
2	2nd pl. (familiar)	NamphriBugun	Bugun	YOU	1213	nathəa	na+tʰəa	Abraham
4	2nd sg. (familiar)	WanghoBugun	Bugun	THOU	1215	no	no	Abraham
4	2nd sg. (familiar)	BichomBugun	Bugun	THOU	1215	no	no	Abraham
4	2nd sg. (familiar)	SingchungBugun	Bugun	THOU	1215	no	no	Abraham
4	2nd sg. (familiar)	KaspiBugun	Bugun	THOU	1215	no	no	Abraham
4	2nd sg. (familiar)	NamphriBugun	Bugun	THOU	1215	no	no	Abraham
8	3rd sg. (generic/male)	WanghoBugun	Bugun	HE OR SHE OR IT	262	we	we	Abraham
8	3rd sg. (generic/male)	BichomBugun	Bugun	HE OR SHE OR IT	262	uwe	uwe	Abraham
8	3rd sg. (generic/male)	SingchungBugun	Bugun	HE OR SHE OR IT	262	oe	oe	Abraham
8	3rd sg. (generic/male)	KaspiBugun	Bugun	HE OR SHE OR IT	262	thei	tʰei	Abraham
8	3rd sg. (generic/male)	NamphriBugun	Bugun	HE OR SHE OR IT	262	oe	oe	Abraham
9	above	WanghoBugun	Bugun	ABOVE	1741	lakhuŋ	la+kʰuŋ	Abraham
9	above	BichomBugun	Bugun	ABOVE	1741	lakhuŋ	la+kʰuŋ	Abraham
9	above	SingchungBugun	Bugun	ABOVE	1741	lakhuŋ	la+kʰuŋ	Abraham
9	above	KaspiBugun	Bugun	ABOVE	1741	lakhuŋ	la+kʰuŋ	Abraham
9	above	NamphriBugun	Bugun	ABOVE	1741	lakhuŋ	la+kʰuŋ	Abraham
10	all	WanghoBugun	Bugun	ALL	98	dʒap	dʒap	Abraham
10	all	BichomBugun	Bugun	ALL	98	dʒap	dʒap	Abraham
10	all	SingchungBugun	Bugun	ALL	98	dʒap	dʒap	Abraham
10	all	KaspiBugun	Bugun	ALL	98	dʒap	dʒap	Abraham
10	all	NamphriBugun	Bugun	ALL	98	"tham; dʒap"	tʰam	Abraham
11	ant	WanghoBugun	Bugun	ANT	587	ʃiŋiŋ	ʃiŋ+iŋ	Abraham
11	ant	BichomBugun	Bugun	ANT	587	siiŋ	siːŋ	Abraham
11	ant	SingchungBugun	Bugun	ANT	587	ʃiŋiŋ	ʃiŋ+iŋ	Abraham
11	ant	KaspiBugun	Bugun	ANT	587	ʃiŋiŋ	ʃiŋ+iŋ	Abraham
11	ant	NamphriBugun	Bugun	ANT	587	ʃiŋiŋ	ʃiŋ+iŋ	Abraham
16	bad	WanghoBugun	Bugun	BAD	1292	avije	a+vije	Abraham
16	bad	BichomBugun	Bugun	BAD	1292	avije	a+vije	Abraham
16	bad	SingchungBugun	Bugun	BAD	1292	avije	a+vije	Abraham
16	bad	KaspiBugun	Bugun	BAD	1292	avije	a+vije	Abraham
16	bad	NamphriBugun	Bugun	BAD	1292	avije	a+vije	Abraham
17	bamboo	WanghoBugun	Bugun	BAMBOO	1927	moi	moi	Abraham
17	bamboo	BichomBugun	Bugun	BAMBOO	1927	muẽ	muẽ	Abraham
17	bamboo	SingchungBugun	Bugun	BAMBOO	1927	moi	moi	Abraham
17	bamboo	KaspiBugun	Bugun	BAMBOO	1927	mai	mai	Abraham
17	bamboo	NamphriBugun	Bugun	BAMBOO	1927	mai	mai	Abraham
21	belly	WanghoBugun	Bugun	BELLY	1251	elui	e+lui	Abraham
21	belly	BichomBugun	Bugun	BELLY	1251	elui	e+lui	Abraham
21	belly	SingchungBugun	Bugun	BELLY	1251	elui	e+lui	Abraham
21	belly	KaspiBugun	Bugun	BELLY	1251	lui	lui	Abraham
21	belly	NamphriBugun	Bugun	BELLY	1251	lui	lui	Abraham
22	below	WanghoBugun	Bugun	BELOW OR UNDER	1485	bətʃou	bə+tʃou	Abraham
22	below	BichomBugun	Bugun	BELOW OR UNDER	1485	"bətʃou; ləwa"	bə+tʃou	Abraham
22	below	SingchungBugun	Bugun	BELOW OR UNDER	1485	bətʃou	bə+tʃou	Abraham
22	below	KaspiBugun	Bugun	BELOW OR UNDER	1485	bətʃou	bə+tʃou	Abraham
22	below	NamphriBugun	Bugun	BELOW OR UNDER	1485	bətʃou	bə+tʃou	Abraham
24	big	WanghoBugun	Bugun	BIG	1202	ebou	e+bou	Abraham
24	big	BichomBugun	Bugun	BIG	1202	bou	bou	Abraham
24	big	SingchungBugun	Bugun	BIG	1202	ebou	e+bou	Abraham
24	big	KaspiBugun	Bugun	BIG	1202	bou	bou	Abraham
24	big	NamphriBugun	Bugun	BIG	1202	bou	bou	Abraham
25	bird	WanghoBugun	Bugun	BIRD	937	fua	fua	Abraham
25	bird	BichomBugun	Bugun	BIRD	937	fua	fua	Abraham
25	bird	SingchungBugun	Bugun	BIRD	937	fua	fua	Abraham
25	bird	KaspiBugun	Bugun	BIRD	937	fo	fo	Abraham
25	bird	NamphriBugun	Bugun	BIRD	937	fua	fua	Abraham
27	black	WanghoBugun	Bugun	BLACK	163	esai	e+sai	Abraham
27	black	BichomBugun	Bugun	BLACK	163	"esai; soi"	e+sai	Abraham
27	black	SingchungBugun	Bugun	BLACK	163	esai	e+sai	Abraham
27	black	KaspiBugun	Bugun	BLACK	163	soi	soi	Abraham
27	black	NamphriBugun	Bugun	BLACK	163	esui	e+sui	Abraham
29	blood	WanghoBugun	Bugun	BLOOD	946	efua	e+fua	Abraham
29	blood	BichomBugun	Bugun	BLOOD	946	efua	e+fua	Abraham
29	blood	SingchungBugun	Bugun	BLOOD	946	efua	e+fua	Abraham
29	blood	KaspiBugun	Bugun	BLOOD	946	nəfai	nə+fai	Abraham
29	blood	NamphriBugun	Bugun	BLOOD	946	məfai	mə+fai	Abraham
32	bone	WanghoBugun	Bugun	BONE	1394	ezak	e+zak	Abraham
32	bone	BichomBugun	Bugun	BONE	1394	ezeŋ	e+zeŋ	Abraham
32	bone	SingchungBugun	Bugun	BONE	1394	ezeŋ	e+zeŋ	Abraham
32	bone	KaspiBugun	Bugun	BONE	1394	nizeŋ	ni+zeŋ	Abraham
32	bone	NamphriBugun	Bugun	BONE	1394	ezeŋ	e+zeŋ	Abraham
34	branch	WanghoBugun	Bugun	BRANCH	1531	phoŋ	pʰoŋ	Abraham
34	branch	BichomBugun	Bugun	BRANCH	1531	edəphou	e+də+pʰu	Abraham
34	branch	SingchungBugun	Bugun	BRANCH	1531	edəphou	e+də+pʰu	Abraham
34	branch	KaspiBugun	Bugun	BRANCH	1531	edəphou	e+də+pʰu	Abraham
34	branch	NamphriBugun	Bugun	BRANCH	1531	edəphou	e+də+pʰu	Abraham
47	cloud	WanghoBugun	Bugun	CLOUD	1489	skəmou	s+kə+mou	Abraham
47	cloud	BichomBugun	Bugun	CLOUD	1489	"tʃakamaŋ; sĕkmou"	tʃa+ka+maŋ	Abraham
47	cloud	SingchungBugun	Bugun	CLOUD	1489	skəmou	s+kə+mou	Abraham
47	cloud	KaspiBugun	Bugun	CLOUD	1489	tʃakamaŋ	tʃa+ka+maŋ	Abraham
47	cloud	NamphriBugun	Bugun	CLOUD	1489	tʃakamaŋ	tʃa+ka+maŋ	Abraham
50	cold	WanghoBugun	Bugun	COLD	1287	etʃai	e+tʃai	Abraham
50	cold	BichomBugun	Bugun	COLD	1287	etʃai	e+tʃai	Abraham
50	cold	SingchungBugun	Bugun	COLD	1287	etʃai	e+tʃai	Abraham
50	cold	KaspiBugun	Bugun	COLD	1287	tʃui	tʃui	Abraham
50	cold	NamphriBugun	Bugun	COLD	1287	etʃui	e+tʃui	Abraham
55	daughter	WanghoBugun	Bugun	DAUGHTER	1357	dimi	dimi	Abraham
55	daughter	BichomBugun	Bugun	DAUGHTER	1357	"dimi; satəi"	dimi	Abraham
55	daughter	SingchungBugun	Bugun	DAUGHTER	1357	dimi	dimi	Abraham
55	daughter	KaspiBugun	Bugun	DAUGHTER	1357	dəmi	dəmi	Abraham
55	daughter	NamphriBugun	Bugun	DAUGHTER	1357	dimi	dimi	Abraham
60	dog	WanghoBugun	Bugun	DOG	2009	tʃai	tʃai	Abraham
60	dog	BichomBugun	Bugun	DOG	2009	tʃoi	tʃoi	Abraham
60	dog	SingchungBugun	Bugun	DOG	2009	tʃi	tʃi	Abraham
60	dog	KaspiBugun	Bugun	DOG	2009	tʃoi	tʃoi	Abraham
60	dog	NamphriBugun	Bugun	DOG	2009	tʃoi	tʃoi	Abraham
62	dry	WanghoBugun	Bugun	DRY	1398	ekau	e+kau	Abraham
62	dry	BichomBugun	Bugun	DRY	1398	egau	e+gau	Abraham
62	dry	SingchungBugun	Bugun	DRY	1398	egau	e+gau	Abraham
62	dry	KaspiBugun	Bugun	DRY	1398	gou	gou	Abraham
62	dry	NamphriBugun	Bugun	DRY	1398	nəgou	nə+gou	Abraham
64	dust	WanghoBugun	Bugun	DUST	2	ɲijaphəla	ɲija+pʰəla	Abraham
64	dust	BichomBugun	Bugun	DUST	2	ɲijaphəla	ɲija+pʰəla	Abraham
64	dust	SingchungBugun	Bugun	DUST	2	ɲijaphəla	ɲija+pʰəla	Abraham
64	dust	KaspiBugun	Bugun	DUST	2	ɲijaphəla	ɲija+pʰəla	Abraham
64	dust	NamphriBugun	Bugun	DUST	2	ɲijaphəlap	ɲija+pʰəlap	Abraham
65	ear	WanghoBugun	Bugun	EAR	1247	khõ	khõ	Abraham
65	ear	BichomBugun	Bugun	EAR	1247	khõ	khõ	Abraham
65	ear	SingchungBugun	Bugun	EAR	1247	khõ	khõ	Abraham
65	ear	KaspiBugun	Bugun	EAR	1247	khõ	khõ	Abraham
65	ear	NamphriBugun	Bugun	EAR	1247	khõ	khõ	Abraham
66	egg	WanghoBugun	Bugun	EGG	744	khere	kʰe+re	Abraham
66	egg	BichomBugun	Bugun	EGG	744	eri	e+ri	Abraham
66	egg	SingchungBugun	Bugun	EGG	744	khere	kʰe+re	Abraham
66	egg	KaspiBugun	Bugun	EGG	744	khere	kʰe+re	Abraham
66	egg	NamphriBugun	Bugun	EGG	744	khere	kʰe+re	Abraham
68	eight	WanghoBugun	Bugun	EIGHT	1705	milija	mi+lija	Abraham
68	eight	BichomBugun	Bugun	EIGHT	1705	milija	mi+lija	Abraham
68	eight	SingchungBugun	Bugun	EIGHT	1705	milija	mi+lija	Abraham
68	eight	KaspiBugun	Bugun	EIGHT	1705	milija	mi+lija	Abraham
68	eight	NamphriBugun	Bugun	EIGHT	1705	məlau	mə+lau	Abraham
76	eye	WanghoBugun	Bugun	EYE	1248	mijak	mijak	Abraham
76	eye	BichomBugun	Bugun	EYE	1248	mijak	mijak	Abraham
76	eye	SingchungBugun	Bugun	EYE	1248	mijak	mijak	Abraham
76	eye	KaspiBugun	Bugun	EYE	1248	mije	mije	Abraham
76	eye	NamphriBugun	Bugun	EYE	1248	mijak	mijak	Abraham
78	far	WanghoBugun	Bugun	FAR	1406	ruaŋ	ruaŋ	Abraham
78	far	BichomBugun	Bugun	FAR	1406	ruaŋ	ruaŋ	Abraham
78	far	SingchungBugun	Bugun	FAR	1406	ruaŋ	ruaŋ	Abraham
78	far	KaspiBugun	Bugun	FAR	1406	ruwaŋ	ruwaŋ	Abraham
78	far	NamphriBugun	Bugun	FAR	1406	ruaŋ	ruaŋ	Abraham
82	father	WanghoBugun	Bugun	FATHER	1217	aphua	aphua	Abraham
82	father	BichomBugun	Bugun	FATHER	1217	aphua	aphua	Abraham
82	father	SingchungBugun	Bugun	FATHER	1217	aphua	aphua	Abraham
82	father	KaspiBugun	Bugun	FATHER	1217	"ap; aphu"	apʰu	Abraham
82	father	NamphriBugun	Bugun	FATHER	1217	aphua	apʰu/wa	Abraham
85	fingernail	WanghoBugun	Bugun	CLAW OR NAIL	2128	pətʃijat	pə+tʃijat	Abraham
85	fingernail	BichomBugun	Bugun	CLAW OR NAIL	2128	bəsen	bə+sen	Abraham
85	fingernail	SingchungBugun	Bugun	CLAW OR NAIL	2128	bəsen	bə+sen	Abraham
85	fingernail	KaspiBugun	Bugun	CLAW OR NAIL	2128	pə̆sen	pə̌+sen	Abraham
85	fingernail	NamphriBugun	Bugun	CLAW OR NAIL	2128	pəʃen	pə+ʃen	Abraham
86	fire	WanghoBugun	Bugun	FIRE	221	boe	boe	Abraham
86	fire	BichomBugun	Bugun	FIRE	221	boe	boe	Abraham
86	fire	SingchungBugun	Bugun	FIRE	221	boe	boe	Abraham
86	fire	KaspiBugun	Bugun	FIRE	221	bai	bai	Abraham
86	fire	NamphriBugun	Bugun	FIRE	221	boe	boe	Abraham
87	fish	WanghoBugun	Bugun	FISH	227	ũa	ũa	Abraham
87	fish	BichomBugun	Bugun	FISH	227	uŋa	uŋa	Abraham
87	fish	SingchungBugun	Bugun	FISH	227	ũa	ũa	Abraham
87	fish	KaspiBugun	Bugun	FISH	227	ũa	ũa	Abraham
87	fish	NamphriBugun	Bugun	FISH	227	uŋə̃	uŋə̃	Abraham
88	five	WanghoBugun	Bugun	FIVE	493	kuwa	kuwa	Abraham
88	five	BichomBugun	Bugun	FIVE	493	guwe	guwe	Abraham
88	five	SingchungBugun	Bugun	FIVE	493	guwa	guwa	Abraham
88	five	KaspiBugun	Bugun	FIVE	493	uwe	uwe	Abraham
88	five	NamphriBugun	Bugun	FIVE	493	gu	gu	Abraham
89	flower	WanghoBugun	Bugun	FLOWER	239	ebũa	e+bũa	Abraham
89	flower	BichomBugun	Bugun	FLOWER	239	"bua; ebua"	bua	Abraham
89	flower	SingchungBugun	Bugun	FLOWER	239	ebũa	e+bũa	Abraham
89	flower	KaspiBugun	Bugun	FLOWER	239	humbua	hum+bua	Abraham
89	flower	NamphriBugun	Bugun	FLOWER	239	ɲinbua	ɲin+bua	Abraham
91	foot	WanghoBugun	Bugun	FOOT	1301	lue	lue	Abraham
91	foot	BichomBugun	Bugun	FOOT	1301	"lei; lue"	lei	Abraham
91	foot	SingchungBugun	Bugun	FOOT	1301	loe	loe	Abraham
91	foot	KaspiBugun	Bugun	FOOT	1301	lai	lai	Abraham
91	foot	NamphriBugun	Bugun	FOOT	1301	lai	lai	Abraham
92	four	WanghoBugun	Bugun	FOUR	1500	ri	ri	Abraham
92	four	BichomBugun	Bugun	FOUR	1500	vi	vi	Abraham
92	four	SingchungBugun	Bugun	FOUR	1500	vi	vi	Abraham
92	four	KaspiBugun	Bugun	FOUR	1500	vi	vi	Abraham
92	four	NamphriBugun	Bugun	FOUR	1500	vi	vi	Abraham
94	frog	WanghoBugun	Bugun	FROG	503	rap	rap	Abraham
94	frog	BichomBugun	Bugun	FROG	503	"rak; rap"	rak	Abraham
94	frog	SingchungBugun	Bugun	FROG	503	rak	rak	Abraham
94	frog	KaspiBugun	Bugun	FROG	503	rutʃua	ru+tʃua	Abraham
94	frog	NamphriBugun	Bugun	FROG	503	ɹusua	ɹu+sua	Abraham
95	fruit	WanghoBugun	Bugun	FRUIT	1507	evoi	e+voi	Abraham
95	fruit	BichomBugun	Bugun	FRUIT	1507	evoi	e+voi	Abraham
95	fruit	SingchungBugun	Bugun	FRUIT	1507	evoi	e+voi	Abraham
95	fruit	KaspiBugun	Bugun	FRUIT	1507	voi	voi	Abraham
95	fruit	NamphriBugun	Bugun	FRUIT	1507	evoi	e+voi	Abraham
96	full	WanghoBugun	Bugun	FULL	1429	elija	e+lija	Abraham
96	full	BichomBugun	Bugun	FULL	1429	lei	lei	Abraham
96	full	SingchungBugun	Bugun	FULL	1429	lija	lija	Abraham
96	full	KaspiBugun	Bugun	FULL	1429	lei	lei	Abraham
96	full	NamphriBugun	Bugun	FULL	1429	elei	e+lei	Abraham
98	goat	WanghoBugun	Bugun	GOAT	1502	spin	spin	Abraham
98	goat	BichomBugun	Bugun	GOAT	1502	spin	spin	Abraham
98	goat	SingchungBugun	Bugun	GOAT	1502	spin	spin	Abraham
98	goat	KaspiBugun	Bugun	GOAT	1502	spin	spin	Abraham
98	goat	NamphriBugun	Bugun	GOAT	1502	spin	spin	Abraham
100	good	WanghoBugun	Bugun	GOOD	1035	vije	vije	Abraham
100	good	BichomBugun	Bugun	GOOD	1035	vije	vije	Abraham
100	good	SingchungBugun	Bugun	GOOD	1035	vije	vije	Abraham
100	good	KaspiBugun	Bugun	GOOD	1035	vije	vije	Abraham
100	good	NamphriBugun	Bugun	GOOD	1035	vije	vije	Abraham
101	green	WanghoBugun	Bugun	GREEN	1425	erije	e+rije	Abraham
101	green	BichomBugun	Bugun	GREEN	1425	"ere; re"	e+re	Abraham
101	green	SingchungBugun	Bugun	GREEN	1425	erije	e+rije	Abraham
101	green	KaspiBugun	Bugun	GREEN	1425	"ere; re"	e+re	Abraham
101	green	NamphriBugun	Bugun	GREEN	1425	ere	e+re	Abraham
102	hair	WanghoBugun	Bugun	HAIR	1040	khazijau	kʰa+zi+jau	Abraham
102	hair	BichomBugun	Bugun	HAIR	1040	khazijaŋ	kʰa+zi+jaŋ	Abraham
102	hair	SingchungBugun	Bugun	HAIR	1040	khazijaŋ	kʰa+zi+jaŋ	Abraham
102	hair	KaspiBugun	Bugun	HAIR	1040	khazijaŋ	kʰa+zi+jaŋ	Abraham
102	hair	NamphriBugun	Bugun	HAIR	1040	khazijaŋ	kʰa+zi+jaŋ	Abraham
104	hand	WanghoBugun	Bugun	HAND	1277	wat	wat	Abraham
104	hand	BichomBugun	Bugun	HAND	1277	wat	wat	Abraham
104	hand	SingchungBugun	Bugun	HAND	1277	wat	wat	Abraham
104	hand	KaspiBugun	Bugun	HAND	1277	wat	wat	Abraham
104	hand	NamphriBugun	Bugun	HAND	1277	wat	wat	Abraham
105	head	WanghoBugun	Bugun	HEAD	1256	kijatuŋ	ki+ja+tuŋ	Abraham
105	head	BichomBugun	Bugun	HEAD	1256	khɾuk	kʰ�uk	Abraham
105	head	SingchungBugun	Bugun	HEAD	1256	khɾuk	kʰ�uk	Abraham
105	head	KaspiBugun	Bugun	HEAD	1256	khɾuk	kʰ�uk	Abraham
105	head	NamphriBugun	Bugun	HEAD	1256	khɾuk	kʰ�uk	Abraham
106	heart (organ)	WanghoBugun	Bugun	HEART	1223	eləbau	e+lə+bau	Abraham
106	heart (organ)	BichomBugun	Bugun	HEART	1223	eləbau	e+lə+bau	Abraham
106	heart (organ)	SingchungBugun	Bugun	HEART	1223	eləbau	e+lə+bau	Abraham
106	heart (organ)	KaspiBugun	Bugun	HEART	1223	ləbuʔ	lə+buʔ	Abraham
106	heart (organ)	NamphriBugun	Bugun	HEART	1223	ləbəu	lə+bəu	Abraham
107	heavy	WanghoBugun	Bugun	HEAVY	1210	elai	e+lai	Abraham
107	heavy	BichomBugun	Bugun	HEAVY	1210	lai	lai	Abraham
107	heavy	SingchungBugun	Bugun	HEAVY	1210	lai	lai	Abraham
107	heavy	KaspiBugun	Bugun	HEAVY	1210	lai	lai	Abraham
107	heavy	NamphriBugun	Bugun	HEAVY	1210	elai	e+lai	Abraham
108	horn (ofbuffalo)	WanghoBugun	Bugun	HORN (ANATOMY)	1393	erijok	e+rijok	Abraham
108	horn (ofbuffalo)	BichomBugun	Bugun	HORN (ANATOMY)	1393	erijaŋ	e+rijaŋ	Abraham
108	horn (ofbuffalo)	SingchungBugun	Bugun	HORN (ANATOMY)	1393	erijaŋ	e+rijaŋ	Abraham
108	horn (ofbuffalo)	KaspiBugun	Bugun	HORN (ANATOMY)	1393	erijaŋ	e+rijaŋ	Abraham
108	horn (ofbuffalo)	NamphriBugun	Bugun	HORN (ANATOMY)	1393	erijaŋ	erijaŋ	Abraham
109	hot	WanghoBugun	Bugun	HOT	1286	"etʃek; eluŋ"	e+tʃek	Abraham
109	hot	BichomBugun	Bugun	HOT	1286	tʃep	tʃep	Abraham
109	hot	SingchungBugun	Bugun	HOT	1286	etʃek	e+tʃek	Abraham
109	hot	KaspiBugun	Bugun	HOT	1286	etʃek	e+tʃek	Abraham
109	hot	NamphriBugun	Bugun	HOT	1286	lua	lua	Abraham
110	house	WanghoBugun	Bugun	HOUSE	1252	hõ	hõ	Abraham
110	house	BichomBugun	Bugun	HOUSE	1252	hõ	hõ	Abraham
110	house	SingchungBugun	Bugun	HOUSE	1252	hõ	hõ	Abraham
110	house	KaspiBugun	Bugun	HOUSE	1252	hõ	hõ	Abraham
110	house	NamphriBugun	Bugun	HOUSE	1252	hõ	hõ	Abraham
113	hundred	WanghoBugun	Bugun	HUNDRED	1634	vijamtʃa	vijam+tʃa	Abraham
113	hundred	BichomBugun	Bugun	HUNDRED	1634	vijaŋdʒa	vijaŋ+dʒa	Abraham
113	hundred	SingchungBugun	Bugun	HUNDRED	1634	vem	vem	Abraham
113	hundred	KaspiBugun	Bugun	HUNDRED	1634	vindʒe	vin+dʒe	Abraham
113	hundred	NamphriBugun	Bugun	HUNDRED	1634	vindʒe	vin+dʒe	Abraham
115	husband	WanghoBugun	Bugun	HUSBAND	1200	aje	a+je	Abraham
115	husband	BichomBugun	Bugun	HUSBAND	1200	ge	ge	Abraham
115	husband	SingchungBugun	Bugun	HUSBAND	1200	age	a+ge	Abraham
115	husband	KaspiBugun	Bugun	HUSBAND	1200	ɲige	ɲi+ge	Abraham
115	husband	NamphriBugun	Bugun	HUSBAND	1200	ge	ge	Abraham
118	knee	WanghoBugun	Bugun	KNEE	1371	lakijuŋ	la+kijuŋ	Abraham
118	knee	BichomBugun	Bugun	KNEE	1371	ləspau	lə+spau	Abraham
118	knee	SingchungBugun	Bugun	KNEE	1371	ləspau	lə+spau	Abraham
118	knee	KaspiBugun	Bugun	KNEE	1371	lagijoŋ	la+gijoŋ	Abraham
118	knee	NamphriBugun	Bugun	KNEE	1371	lagijoŋ	la+gijoŋ	Abraham
119	knife (tocutmeat)	WanghoBugun	Bugun	KNIFE	1352	metəkhui	me+tə+kʰui	Abraham
119	knife (tocutmeat)	BichomBugun	Bugun	KNIFE	1352	məkhui	mə+kʰui	Abraham
119	knife (tocutmeat)	SingchungBugun	Bugun	KNIFE	1352	mədəkhui	mə+də+kʰui	Abraham
119	knife (tocutmeat)	KaspiBugun	Bugun	KNIFE	1352	məkhui	mə+kʰui	Abraham
119	knife (tocutmeat)	NamphriBugun	Bugun	KNIFE	1352	mədəkhui	mə+də+kʰui	Abraham
120	leaf	WanghoBugun	Bugun	LEAF	628	rap	rap	Abraham
120	leaf	BichomBugun	Bugun	LEAF	628	rap	rap	Abraham
120	leaf	SingchungBugun	Bugun	LEAF	628	erap	e+rap	Abraham
120	leaf	KaspiBugun	Bugun	LEAF	628	rap	rap	Abraham
120	leaf	NamphriBugun	Bugun	LEAF	628	rap	rap	Abraham
121	left	WanghoBugun	Bugun	LEFT	244	phavik	pʰavik	Abraham
121	left	BichomBugun	Bugun	LEFT	244	phavik	pʰavik	Abraham
121	left	SingchungBugun	Bugun	LEFT	244	phavik	pʰavik	Abraham
121	left	KaspiBugun	Bugun	LEFT	244	hazoi	hazoi	Abraham
121	left	NamphriBugun	Bugun	LEFT	244	phavik	pʰavik	Abraham
122	light (notheavy)	WanghoBugun	Bugun	LIGHT (WEIGHT)	1052	thou	tʰou	Abraham
122	light (notheavy)	BichomBugun	Bugun	LIGHT (WEIGHT)	1052	thou	tʰou	Abraham
122	light (notheavy)	SingchungBugun	Bugun	LIGHT (WEIGHT)	1052	tho	tho	Abraham
122	light (notheavy)	KaspiBugun	Bugun	LIGHT (WEIGHT)	1052	thou	tʰou	Abraham
122	light (notheavy)	NamphriBugun	Bugun	LIGHT (WEIGHT)	1052	nəthou	nə+tʰou	Abraham
126	long	WanghoBugun	Bugun	LONG	1203	ephijam	e+pʰijam	Abraham
126	long	BichomBugun	Bugun	LONG	1203	phijaŋ	pʰijaŋ	Abraham
126	long	SingchungBugun	Bugun	LONG	1203	phijaŋ	pʰijaŋ	Abraham
126	long	KaspiBugun	Bugun	LONG	1203	phijaŋ	pʰijaŋ	Abraham
126	long	NamphriBugun	Bugun	LONG	1203	ephijam	e+pʰijam	Abraham
127	man	WanghoBugun	Bugun	MALE PERSON	2106	bəfəə	bə+fəː	Abraham
127	man	BichomBugun	Bugun	MALE PERSON	2106	bəfəə	bə+fəː	Abraham
127	man	SingchungBugun	Bugun	MALE PERSON	2106	bəfəə	bə+fəː	Abraham
127	man	KaspiBugun	Bugun	MALE PERSON	2106	bran	bran	Abraham
127	man	NamphriBugun	Bugun	MALE PERSON	2106	bran	bran	Abraham
129	many	WanghoBugun	Bugun	MANY	1198	mənau	mə+nau	Abraham
129	many	BichomBugun	Bugun	MANY	1198	"badʒa; pamei"	pa+mei	Abraham
129	many	SingchungBugun	Bugun	MANY	1198	bame	ba+me	Abraham
129	many	KaspiBugun	Bugun	MANY	1198	mənau	mə+nau	Abraham
129	many	NamphriBugun	Bugun	MANY	1198	"badʒo; məno"	mə+no	Abraham
130	meat	WanghoBugun	Bugun	MEAT	634	epije	e+pije	Abraham
130	meat	BichomBugun	Bugun	MEAT	634	ebije	e+bije	Abraham
130	meat	SingchungBugun	Bugun	MEAT	634	epije	e+pije	Abraham
130	meat	KaspiBugun	Bugun	MEAT	634	məbi	mə+bi	Abraham
130	meat	NamphriBugun	Bugun	MEAT	634	ebei	e+bei	Abraham
135	moon	WanghoBugun	Bugun	MOON	1313	habije	ha+bije	Abraham
135	moon	BichomBugun	Bugun	MOON	1313	habije	ha+bije	Abraham
135	moon	SingchungBugun	Bugun	MOON	1313	habije	ha+bije	Abraham
135	moon	KaspiBugun	Bugun	MOON	1313	habije	ha+bije	Abraham
135	moon	NamphriBugun	Bugun	MOON	1313	habije	ha+bije	Abraham
136	morning	WanghoBugun	Bugun	MORNING	1339	hamijaŋ	ha+mijaŋ	Abraham
136	morning	BichomBugun	Bugun	MORNING	1339	hamijaŋ	ha+mijaŋ	Abraham
136	morning	SingchungBugun	Bugun	MORNING	1339	hamijaŋ	ha+mijaŋ	Abraham
136	morning	KaspiBugun	Bugun	MORNING	1339	hamijaŋ	ha+mijaŋ	Abraham
136	morning	NamphriBugun	Bugun	MORNING	1339	hamijaŋ	ha+mijaŋ	Abraham
137	mosquito	WanghoBugun	Bugun	MOSQUITO	1509	tʃikitʃoŋ	tʃi+ki+tʃoŋ	Abraham
137	mosquito	BichomBugun	Bugun	MOSQUITO	1509	tʃikitʃoŋ	tʃi+ki+tʃoŋ	Abraham
137	mosquito	SingchungBugun	Bugun	MOSQUITO	1509	tʃikitʃoŋ	tʃi+ki+tʃoŋ	Abraham
137	mosquito	KaspiBugun	Bugun	MOSQUITO	1509	mədʒou	mə+dʒou	Abraham
137	mosquito	NamphriBugun	Bugun	MOSQUITO	1509	tʃikdʒoŋ	tʃik+dʒoŋ	Abraham
138	mother	WanghoBugun	Bugun	MOTHER	1216	amua	a+mua	Abraham
138	mother	BichomBugun	Bugun	MOTHER	1216	amua	a+mua	Abraham
138	mother	SingchungBugun	Bugun	MOTHER	1216	amua	a+mua	Abraham
138	mother	KaspiBugun	Bugun	MOTHER	1216	amu	a+mu	Abraham
138	mother	NamphriBugun	Bugun	MOTHER	1216	amua	a+mua	Abraham
139	mountain	WanghoBugun	Bugun	MOUNTAIN	639	pham	pʰam	Abraham
139	mountain	BichomBugun	Bugun	MOUNTAIN	639	phuŋ	pʰuŋ	Abraham
139	mountain	SingchungBugun	Bugun	MOUNTAIN	639	pham	pʰam	Abraham
139	mountain	KaspiBugun	Bugun	MOUNTAIN	639	phaŋ	pʰaŋ	Abraham
139	mountain	NamphriBugun	Bugun	MOUNTAIN	639	phaŋ	pʰaŋ	Abraham
140	mouth	WanghoBugun	Bugun	MOUTH	674	ʃijam	ʃi+jam	Abraham
140	mouth	BichomBugun	Bugun	MOUTH	674	sem	sem	Abraham
140	mouth	SingchungBugun	Bugun	MOUTH	674	sphun	spʰun	Abraham
140	mouth	KaspiBugun	Bugun	MOUTH	674	sem	sem	Abraham
140	mouth	NamphriBugun	Bugun	MOUTH	674	sem	sem	Abraham
141	mud	WanghoBugun	Bugun	MUD	640	"khaʃoŋ; kalija"	kʰa+ʃoŋ	Abraham
141	mud	BichomBugun	Bugun	MUD	640	ɲijakləja	ɲij+a+klə+ja	Abraham
141	mud	SingchungBugun	Bugun	MUD	640	ɲijakhərə	ɲij+a+kʰərə	Abraham
141	mud	KaspiBugun	Bugun	MUD	640	kalija	ka+lija	Abraham
141	mud	NamphriBugun	Bugun	MUD	640	khale	kʰale	Abraham
142	name	WanghoBugun	Bugun	NAME	1405	ebeŋ	e+beŋ	Abraham
142	name	BichomBugun	Bugun	NAME	1405	ebeŋ	e+beŋ	Abraham
142	name	SingchungBugun	Bugun	NAME	1405	ebeŋ	e+beŋ	Abraham
142	name	KaspiBugun	Bugun	NAME	1405	"ebeŋ; mbeŋ"	e+beŋ	Abraham
142	name	NamphriBugun	Bugun	NAME	1405	ebeŋ	e+beŋ	Abraham
143	narrow	WanghoBugun	Bugun	NARROW	1267	khərok	kʰə+rok	Abraham
143	narrow	BichomBugun	Bugun	NARROW	1267	nəkhok	nə+kʰok	Abraham
143	narrow	SingchungBugun	Bugun	NARROW	1267	dəəm	dəːm	Abraham
143	narrow	KaspiBugun	Bugun	NARROW	1267	dətʃoi	də+tʃoi	Abraham
143	narrow	NamphriBugun	Bugun	NARROW	1267	ekhok	e+kʰok	Abraham
144	near	WanghoBugun	Bugun	NEAR	1942	enui	e+nui	Abraham
144	near	BichomBugun	Bugun	NEAR	1942	noi	noi	Abraham
144	near	SingchungBugun	Bugun	NEAR	1942	noi	noi	Abraham
144	near	KaspiBugun	Bugun	NEAR	1942	noi	noi	Abraham
144	near	NamphriBugun	Bugun	NEAR	1942	"anoi; atʃua"	a+tʃua	Abraham
145	neck	WanghoBugun	Bugun	NECK	1333	japu	ja+pu	Abraham
145	neck	BichomBugun	Bugun	NECK	1333	ejua	e+jua	Abraham
145	neck	SingchungBugun	Bugun	NECK	1333	ejua	e+jua	Abraham
145	neck	KaspiBugun	Bugun	NECK	1333	jua	jua	Abraham
145	neck	NamphriBugun	Bugun	NECK	1333	jua	jua	Abraham
146	needle	WanghoBugun	Bugun	NEEDLE (FOR SEWING)	1382	simen	si+men	Abraham
146	needle	BichomBugun	Bugun	NEEDLE (FOR SEWING)	1382	simen	si+men	Abraham
146	needle	SingchungBugun	Bugun	NEEDLE (FOR SEWING)	1382	simen	si+men	Abraham
146	needle	KaspiBugun	Bugun	NEEDLE (FOR SEWING)	1382	simen	si+men	Abraham
146	needle	NamphriBugun	Bugun	NEEDLE (FOR SEWING)	1382	simen	si+men	Abraham
147	new	WanghoBugun	Bugun	NEW	1231	evoŋ	e+voŋ	Abraham
147	new	BichomBugun	Bugun	NEW	1231	ewã	e+wã	Abraham
147	new	SingchungBugun	Bugun	NEW	1231	ovou	ovou	Abraham
147	new	KaspiBugun	Bugun	NEW	1231	mvəo	mvəo	Abraham
147	new	NamphriBugun	Bugun	NEW	1231	evo	e+vo	Abraham
149	nine	WanghoBugun	Bugun	NINE	1483	deke	de+ke	Abraham
149	nine	BichomBugun	Bugun	NINE	1483	dəkhy	də+kʰy	Abraham
149	nine	SingchungBugun	Bugun	NINE	1483	deke	de+ke	Abraham
149	nine	KaspiBugun	Bugun	NINE	1483	thəkhei	tʰə+kʰei	Abraham
149	nine	NamphriBugun	Bugun	NINE	1483	deke	de+ke	Abraham
150	noon	WanghoBugun	Bugun	MIDDAY	12	haŋlituwa	haŋ+lituwa	Abraham
150	noon	BichomBugun	Bugun	MIDDAY	12	hanai	ha+nai	Abraham
150	noon	SingchungBugun	Bugun	MIDDAY	12	ləthuŋa	lə+tʰuŋa	Abraham
150	noon	KaspiBugun	Bugun	MIDDAY	12	hanai	ha+nai	Abraham
150	noon	NamphriBugun	Bugun	MIDDAY	12	luthua	lu+tʰua	Abraham
151	nose	WanghoBugun	Bugun	NOSE	1221	ephuŋ	e+pʰuŋ	Abraham
151	nose	BichomBugun	Bugun	NOSE	1221	ephuŋ	e+pʰuŋ	Abraham
151	nose	SingchungBugun	Bugun	NOSE	1221	ephuŋ	e+pʰuŋ	Abraham
151	nose	KaspiBugun	Bugun	NOSE	1221	ephuŋ	e+pʰuŋ	Abraham
151	nose	NamphriBugun	Bugun	NOSE	1221	ephuŋ	e+pʰuŋ	Abraham
153	old	WanghoBugun	Bugun	OLD (AGED)	2112	ehek	e+hek	Abraham
153	old	BichomBugun	Bugun	OLD (AGED)	2112	ehek	e+hek	Abraham
153	old	SingchungBugun	Bugun	OLD (AGED)	2112	ehe	e+he	Abraham
153	old	KaspiBugun	Bugun	OLD (AGED)	2112	ehek	e+hek	Abraham
153	old	NamphriBugun	Bugun	OLD (AGED)	2112	ehek	e+hek	Abraham
154	one	WanghoBugun	Bugun	ONE	1493	tʃo	tʃo	Abraham
154	one	BichomBugun	Bugun	ONE	1493	dʒijo	dʒijo	Abraham
154	one	SingchungBugun	Bugun	ONE	1493	dʒijo	dʒijo	Abraham
154	one	KaspiBugun	Bugun	ONE	1493	dʒe	dʒe	Abraham
154	one	NamphriBugun	Bugun	ONE	1493	dʒe	dʒe	Abraham
156	paddyrice	WanghoBugun	Bugun	RICE PLANT	2026	niʃik	niʃik	Abraham
156	paddyrice	BichomBugun	Bugun	RICE PLANT	2026	"niʃik; ŋiŋgausik"	niʃik	Abraham
156	paddyrice	SingchungBugun	Bugun	RICE PLANT	2026	ŋijan	ŋijan	Abraham
156	paddyrice	KaspiBugun	Bugun	RICE PLANT	2026	ŋiŋ	ŋiŋ	Abraham
156	paddyrice	NamphriBugun	Bugun	RICE PLANT	2026	ŋijan	ŋijan	Abraham
162	pig	WanghoBugun	Bugun	PIG	1337	wok	wok	Abraham
162	pig	BichomBugun	Bugun	PIG	1337	ʋo	ʋo	Abraham
162	pig	SingchungBugun	Bugun	PIG	1337	evoʔ	e+voʔ	Abraham
162	pig	KaspiBugun	Bugun	PIG	1337	vok	vok	Abraham
162	pig	NamphriBugun	Bugun	PIG	1337	vok	vok	Abraham
166	rain	WanghoBugun	Bugun	RAIN (PRECIPITATION)	658	haphije	ha+pʰije	Abraham
166	rain	BichomBugun	Bugun	RAIN (PRECIPITATION)	658	haphije	ha+pʰije	Abraham
166	rain	SingchungBugun	Bugun	RAIN (PRECIPITATION)	658	haphije	ha+pʰije	Abraham
166	rain	KaspiBugun	Bugun	RAIN (PRECIPITATION)	658	haphije	ha+pʰije	Abraham
166	rain	NamphriBugun	Bugun	RAIN (PRECIPITATION)	658	haphije	ha+pʰije	Abraham
167	rainbow	WanghoBugun	Bugun	RAINBOW	1733	"pharaŋphakhuwak; saraŋmokhuwaŋ"	pʰaraŋ+pʰakʰuwak	Abraham
167	rainbow	BichomBugun	Bugun	RAINBOW	1733	saraŋmokhuwaŋ	saraŋ+mokʰuwaŋ	Abraham
167	rainbow	SingchungBugun	Bugun	RAINBOW	1733	pharamphakhuŋ	pʰaram+pʰakʰuŋ	Abraham
167	rainbow	KaspiBugun	Bugun	RAINBOW	1733	saraŋbakhuwaŋ	saraŋ+bakʰuwaŋ	Abraham
167	rainbow	NamphriBugun	Bugun	RAINBOW	1733	ʃirbakhuwaŋ	ʃirba+kʰuwaŋ	Abraham
168	rat	WanghoBugun	Bugun	MUROID (MOUSE OR RAT)	2139	thuŋ	tʰuŋ	Abraham
168	rat	BichomBugun	Bugun	MUROID (MOUSE OR RAT)	2139	thuŋ	tʰuŋ	Abraham
168	rat	SingchungBugun	Bugun	MUROID (MOUSE OR RAT)	2139	thuŋ	tʰuŋ	Abraham
168	rat	KaspiBugun	Bugun	MUROID (MOUSE OR RAT)	2139	thuŋ	tʰuŋ	Abraham
168	rat	NamphriBugun	Bugun	MUROID (MOUSE OR RAT)	2139	thuŋ	tʰuŋ	Abraham
169	red	WanghoBugun	Bugun	RED	156	eʃek	e+ʃek	Abraham
169	red	BichomBugun	Bugun	RED	156	"eʃaik; ʃeik"	e+ʃaik	Abraham
169	red	SingchungBugun	Bugun	RED	156	eʃaik	e+ʃaik	Abraham
169	red	KaspiBugun	Bugun	RED	156	ʃei	ʃei	Abraham
169	red	NamphriBugun	Bugun	RED	156	eʃaik	e+ʃaik	Abraham
171	right	WanghoBugun	Bugun	RIGHT	1019	phazui	pʰa+zui	Abraham
171	right	BichomBugun	Bugun	RIGHT	1019	phozoi	pʰo+zoi	Abraham
171	right	SingchungBugun	Bugun	RIGHT	1019	phozoi	pʰo+zoi	Abraham
171	right	KaspiBugun	Bugun	RIGHT	1019	havik	ha+vik	Abraham
171	right	NamphriBugun	Bugun	RIGHT	1019	phazui	pʰa+zui	Abraham
174	river	WanghoBugun	Bugun	RIVER	666	khoɲoi	kʰo+ɲoi	Abraham
174	river	BichomBugun	Bugun	RIVER	666	kaʃat	ka+ʃat	Abraham
174	river	SingchungBugun	Bugun	RIVER	666	kho	kʰo	Abraham
174	river	KaspiBugun	Bugun	RIVER	666	kaʃat	ka+ʃat	Abraham
174	river	NamphriBugun	Bugun	RIVER	666	khamua	kʰa+mua	Abraham
175	road	WanghoBugun	Bugun	ROAD	667	ləmua	lə+mua	Abraham
175	road	BichomBugun	Bugun	ROAD	667	ləmua	lə+mua	Abraham
175	road	SingchungBugun	Bugun	ROAD	667	ləmua	lə+mua	Abraham
175	road	KaspiBugun	Bugun	ROAD	667	ləmua	lə+mua	Abraham
175	road	NamphriBugun	Bugun	ROAD	667	ləmua	lə+mua	Abraham
177	root	WanghoBugun	Bugun	ROOT	670	eraŋ	e+raŋ	Abraham
177	root	BichomBugun	Bugun	ROOT	670	eraŋ	e+raŋ	Abraham
177	root	SingchungBugun	Bugun	ROOT	670	eraŋ	e+raŋ	Abraham
177	root	KaspiBugun	Bugun	ROOT	670	eraŋ	e+raŋ	Abraham
177	root	NamphriBugun	Bugun	ROOT	670	eraŋ	e+raŋ	Abraham
179	salt	WanghoBugun	Bugun	SALT	1274	suruwa	su+ruwa	Abraham
179	salt	BichomBugun	Bugun	SALT	1274	surəja	su+rəja	Abraham
179	salt	SingchungBugun	Bugun	SALT	1274	suruwa	su+ruwa	Abraham
179	salt	KaspiBugun	Bugun	SALT	1274	suɹe	su+ɹe	Abraham
179	salt	NamphriBugun	Bugun	SALT	1274	suruwa	su+ruwa	Abraham
181	sand	WanghoBugun	Bugun	SAND	671	bali	ba+li	Abraham
181	sand	BichomBugun	Bugun	SAND	671	bali	ba+li	Abraham
181	sand	SingchungBugun	Bugun	SAND	671	bali	ba+li	Abraham
181	sand	KaspiBugun	Bugun	SAND	671	bali	ba+li	Abraham
181	sand	NamphriBugun	Bugun	SAND	671	bali	ba+li	Abraham
182	sea	WanghoBugun	Bugun	SEA	1474	"tʃumoŋkhou; kharuwai"	tʃu+moŋ+kʰou	Abraham
182	sea	BichomBugun	Bugun	SEA	1474	"khobu; təpməkhən"	kʰo+bu	Abraham
182	sea	SingchungBugun	Bugun	SEA	1474	stau	stau	Abraham
182	sea	KaspiBugun	Bugun	SEA	1474	–	–	Abraham
182	sea	NamphriBugun	Bugun	SEA	1474	khamua	kʰa+mua	Abraham
183	seed	WanghoBugun	Bugun	SEED	714	erai	e+rai	Abraham
183	seed	BichomBugun	Bugun	SEED	714	erai	e+rai	Abraham
183	seed	SingchungBugun	Bugun	SEED	714	erai	e+rai	Abraham
183	seed	KaspiBugun	Bugun	SEED	714	rii	riː	Abraham
183	seed	NamphriBugun	Bugun	SEED	714	murui	mu+rui	Abraham
184	seven	WanghoBugun	Bugun	SEVEN	1704	mə̆lija	mə̌+lija	Abraham
184	seven	BichomBugun	Bugun	SEVEN	1704	mə̆lija	mə̆+lija	Abraham
184	seven	SingchungBugun	Bugun	SEVEN	1704	mə̆lija	mə̆+lija	Abraham
184	seven	KaspiBugun	Bugun	SEVEN	1704	mə̆lija	mə̆+lija	Abraham
184	seven	NamphriBugun	Bugun	SEVEN	1704	mə̆lija	mə̆+lija	Abraham
186	short (length)	WanghoBugun	Bugun	SHORT	1645	edəm	e+dəm	Abraham
186	short (length)	BichomBugun	Bugun	SHORT	1645	dum	dum	Abraham
186	short (length)	SingchungBugun	Bugun	SHORT	1645	dəm	dəm	Abraham
186	short (length)	KaspiBugun	Bugun	SHORT	1645	dum	dum	Abraham
186	short (length)	NamphriBugun	Bugun	SHORT	1645	eduŋ	e+duŋ	Abraham
188	six	WanghoBugun	Bugun	SIX	1703	rap	rap	Abraham
188	six	BichomBugun	Bugun	SIX	1703	rap	rap	Abraham
188	six	SingchungBugun	Bugun	SIX	1703	rap	rap	Abraham
188	six	KaspiBugun	Bugun	SIX	1703	rak	rak	Abraham
188	six	NamphriBugun	Bugun	SIX	1703	rap	rap	Abraham
189	skin	WanghoBugun	Bugun	SKIN	763	ekhuk	e+kʰuk	Abraham
189	skin	BichomBugun	Bugun	SKIN	763	ekhuk	e+kʰuk	Abraham
189	skin	SingchungBugun	Bugun	SKIN	763	ekhuk	e+kʰuk	Abraham
189	skin	KaspiBugun	Bugun	SKIN	763	ekhuk	e+kʰuk	Abraham
189	skin	NamphriBugun	Bugun	SKIN	763	ekhuk	e+kʰuk	Abraham
190	sky	WanghoBugun	Bugun	SKY	1732	hamaŋ	ha+maŋ	Abraham
190	sky	BichomBugun	Bugun	SKY	1732	hamaŋ	ha+maŋ	Abraham
190	sky	SingchungBugun	Bugun	SKY	1732	hamaŋ	ha+maŋ	Abraham
190	sky	KaspiBugun	Bugun	SKY	1732	hamaŋ	ha+maŋ	Abraham
190	sky	NamphriBugun	Bugun	SKY	1732	hamaŋ	ha+maŋ	Abraham
192	small	WanghoBugun	Bugun	SMALL	1246	ejuŋ	e+juŋ	Abraham
192	small	BichomBugun	Bugun	SMALL	1246	ejuŋ	e+juŋ	Abraham
192	small	SingchungBugun	Bugun	SMALL	1246	ẽeu	ẽ+eu	Abraham
192	small	KaspiBugun	Bugun	SMALL	1246	ejuŋ	e+juŋ	Abraham
192	small	NamphriBugun	Bugun	SMALL	1246	iu	iu	Abraham
193	smoke	WanghoBugun	Bugun	SMOKE (EXHAUST)	778	bukhu	bu+kʰu	Abraham
193	smoke	BichomBugun	Bugun	SMOKE (EXHAUST)	778	bamkham	bam+kʰam	Abraham
193	smoke	SingchungBugun	Bugun	SMOKE (EXHAUST)	778	boekhau	boe+kʰau	Abraham
193	smoke	KaspiBugun	Bugun	SMOKE (EXHAUST)	778	baiŋkham	baiŋ+kʰam	Abraham
193	smoke	NamphriBugun	Bugun	SMOKE (EXHAUST)	778	boemokhəm	boe+mo+kʰəm	Abraham
194	snake	WanghoBugun	Bugun	SNAKE	730	phau	pʰau	Abraham
194	snake	BichomBugun	Bugun	SNAKE	730	pam	pam	Abraham
194	snake	SingchungBugun	Bugun	SNAKE	730	phau	pʰau	Abraham
194	snake	KaspiBugun	Bugun	SNAKE	730	pam	pam	Abraham
194	snake	NamphriBugun	Bugun	SNAKE	730	pam	pam	Abraham
195	soil/ground	WanghoBugun	Bugun	EARTH (SOIL)	1228	ɲijaʔ	ɲi+jaʔ	Abraham
195	soil/ground	BichomBugun	Bugun	EARTH (SOIL)	1228	suʔ	suʔ	Abraham
195	soil/ground	SingchungBugun	Bugun	EARTH (SOIL)	1228	ɲijaʔ	ɲi+jaʔ	Abraham
195	soil/ground	KaspiBugun	Bugun	EARTH (SOIL)	1228	ɲijaʔ	ɲi+jaʔ	Abraham
195	soil/ground	NamphriBugun	Bugun	EARTH (SOIL)	1228	ɲijaʔ	ɲi+jaʔ	Abraham
197	son	WanghoBugun	Bugun	SON	1620	dəfua	də+fua	Abraham
197	son	BichomBugun	Bugun	SON	1620	dəfua	də+fua	Abraham
197	son	SingchungBugun	Bugun	SON	1620	dəfua	də+fua	Abraham
197	son	KaspiBugun	Bugun	SON	1620	dəfua	də+fua	Abraham
197	son	NamphriBugun	Bugun	SON	1620	dəfua	də+fua	Abraham
200	spicy,hot	WanghoBugun	Bugun	HOT	1286	ra	ra	Abraham
200	spicy,hot	BichomBugun	Bugun	HOT	1286	rau	rau	Abraham
200	spicy,hot	SingchungBugun	Bugun	HOT	1286	etʃək	e+tʃək	Abraham
200	spicy,hot	KaspiBugun	Bugun	HOT	1286	rau	rau	Abraham
200	spicy,hot	NamphriBugun	Bugun	HOT	1286	etʃək	e+tʃək	Abraham
201	spider	WanghoBugun	Bugun	SPIDER	843	raguŋ	ra+guŋ	Abraham
201	spider	BichomBugun	Bugun	SPIDER	843	raguŋ	ra+guŋ	Abraham
201	spider	SingchungBugun	Bugun	SPIDER	843	raguŋ	ra+guŋ	Abraham
201	spider	KaspiBugun	Bugun	SPIDER	843	raguŋʃejam	ra+guŋ+ʃejam	Abraham
201	spider	NamphriBugun	Bugun	SPIDER	843	raguŋ	ra+guŋ	Abraham
203	star	WanghoBugun	Bugun	STAR	1430	satijoŋ	sa+tijoŋ	Abraham
203	star	BichomBugun	Bugun	STAR	1430	tadijaŋ	ta+dijaŋ	Abraham
203	star	SingchungBugun	Bugun	STAR	1430	sadijoŋ	sa+dijoŋ	Abraham
203	star	KaspiBugun	Bugun	STAR	1430	ladijaŋ	la+dijaŋ	Abraham
203	star	NamphriBugun	Bugun	STAR	1430	tadijaŋ	ta+dijaŋ	Abraham
204	stone	WanghoBugun	Bugun	STONE	857	labau	la+bau	Abraham
204	stone	BichomBugun	Bugun	STONE	857	labau	la+bau	Abraham
204	stone	SingchungBugun	Bugun	STONE	857	labau	la+bau	Abraham
204	stone	KaspiBugun	Bugun	STONE	857	labau	la+bau	Abraham
204	stone	NamphriBugun	Bugun	STONE	857	lubu	lu+bu	Abraham
206	sun	WanghoBugun	Bugun	SUN	1343	haneiŋ	ha+neiŋ	Abraham
206	sun	BichomBugun	Bugun	SUN	1343	hanai	ha+nai	Abraham
206	sun	SingchungBugun	Bugun	SUN	1343	hanai	ha+nai	Abraham
206	sun	KaspiBugun	Bugun	SUN	1343	hanai	ha+nai	Abraham
206	sun	NamphriBugun	Bugun	SUN	1343	hanai	ha+nai	Abraham
209	tail	WanghoBugun	Bugun	TAIL	1220	eɲoi	e+ɲoi	Abraham
209	tail	BichomBugun	Bugun	TAIL	1220	eɲoi	e+ɲoi	Abraham
209	tail	SingchungBugun	Bugun	TAIL	1220	eɲoi	e+ɲoi	Abraham
209	tail	KaspiBugun	Bugun	TAIL	1220	eɲoi	e+ɲoi	Abraham
209	tail	NamphriBugun	Bugun	TAIL	1220	eɲoi	e+ɲoi	Abraham
210	ten	WanghoBugun	Bugun	TEN	1515	sũ	sũ	Abraham
210	ten	BichomBugun	Bugun	TEN	1515	suã	suã	Abraham
210	ten	SingchungBugun	Bugun	TEN	1515	suŋa	suŋa	Abraham
210	ten	KaspiBugun	Bugun	TEN	1515	suã	suã	Abraham
210	ten	NamphriBugun	Bugun	TEN	1515	suwa	suwa	Abraham
211	thatthing	WanghoBugun	Bugun	THAT	78	throŋphomono	throŋ+pʰo+mo+no	Abraham
211	thatthing	BichomBugun	Bugun	THAT	78	throŋphomono	throŋ+pʰo+mo+no	Abraham
211	thatthing	SingchungBugun	Bugun	THAT	78	throŋdʒa	throŋ+dʒa	Abraham
211	thatthing	KaspiBugun	Bugun	THAT	78	thibamigijaŋ	tʰi+ba+mi+gijaŋ	Abraham
211	thatthing	NamphriBugun	Bugun	THAT	78	thedʒi	tʰe+dʒi	Abraham
213	thin	WanghoBugun	Bugun	THIN (OF SHAPE OF OBJECT)	2249	khətʃek	kʰə+tʃek	Abraham
213	thin	BichomBugun	Bugun	THIN (OF SHAPE OF OBJECT)	2249	khijan	kʰijan	Abraham
213	thin	SingchungBugun	Bugun	THIN (OF SHAPE OF OBJECT)	2249	kətʃen	kə+tʃen	Abraham
213	thin	KaspiBugun	Bugun	THIN (OF SHAPE OF OBJECT)	2249	sinija	si+nija	Abraham
213	thin	NamphriBugun	Bugun	THIN (OF SHAPE OF OBJECT)	2249	kherijaŋ	kʰe+rijaŋ	Abraham
215	thisthing	WanghoBugun	Bugun	THIS	1214	heiphomono	hei+pʰo+mo+no	Abraham
215	thisthing	BichomBugun	Bugun	THIS	1214	"heiphomono; mənohi"	hei+pʰo+mo+no	Abraham
215	thisthing	SingchungBugun	Bugun	THIS	1214	ehihi	e+hi+hi	Abraham
215	thisthing	KaspiBugun	Bugun	THIS	1214	heiphomono	hei+pʰo+mo+no	Abraham
215	thisthing	NamphriBugun	Bugun	THIS	1214	dʒije	dʒije	Abraham
220	three	WanghoBugun	Bugun	THREE	492	əm	əm	Abraham
220	three	BichomBugun	Bugun	THREE	492	um	um	Abraham
220	three	SingchungBugun	Bugun	THREE	492	um	um	Abraham
220	three	KaspiBugun	Bugun	THREE	492	um	um	Abraham
220	three	NamphriBugun	Bugun	THREE	492	um	um	Abraham
221	thunder	WanghoBugun	Bugun	THUNDER	1150	haklam	ha+klam	Abraham
221	thunder	BichomBugun	Bugun	THUNDER	1150	haklam	ha+klam	Abraham
221	thunder	SingchungBugun	Bugun	THUNDER	1150	haklam	ha+klam	Abraham
221	thunder	KaspiBugun	Bugun	THUNDER	1150	haklam	ha+klam	Abraham
221	thunder	NamphriBugun	Bugun	THUNDER	1150	hakhəlaŋ	ha+kʰəlaŋ	Abraham
222	tiger	WanghoBugun	Bugun	TIGER	846	matʃuwa	ma+tʃuwa	Abraham
222	tiger	BichomBugun	Bugun	TIGER	846	mətʃua	mə+tʃua	Abraham
222	tiger	SingchungBugun	Bugun	TIGER	846	matʃuwa	ma+tʃuwa	Abraham
222	tiger	KaspiBugun	Bugun	TIGER	846	mətʃua	mə+tʃua	Abraham
222	tiger	NamphriBugun	Bugun	TIGER	846	"batʃaeŋ; matʃuwa"	ba+tʃaeŋ	Abraham
223	tobite	WanghoBugun	Bugun	BITE	1403	"khrik; nik"	kʰrik	Abraham
223	tobite	BichomBugun	Bugun	BITE	1403	thokpha	tʰok+pʰa	Abraham
223	tobite	SingchungBugun	Bugun	BITE	1403	thokmage	tʰok+mage	Abraham
223	tobite	KaspiBugun	Bugun	BITE	1403	tʃipha	tʃi+pʰa	Abraham
223	tobite	NamphriBugun	Bugun	BITE	1403	thokpha	tʰok+pʰa	Abraham
225	toburn	WanghoBugun	Bugun	BURNING	1428	hau	hau	Abraham
225	toburn	BichomBugun	Bugun	BURNING	1428	fũppha	fũp+pʰa	Abraham
225	toburn	SingchungBugun	Bugun	BURNING	1428	ʃuit	ʃuit	Abraham
225	toburn	KaspiBugun	Bugun	BURNING	1428	dʒijopha	dʒijo+pʰa	Abraham
225	toburn	NamphriBugun	Bugun	BURNING	1428	fupha	fu+pʰa	Abraham
226	tobuy	WanghoBugun	Bugun	BUY	1869	phek	pʰek	Abraham
226	tobuy	BichomBugun	Bugun	BUY	1869	pheiʔpha	pʰeiʔ+pʰa	Abraham
226	tobuy	SingchungBugun	Bugun	BUY	1869	phek	pʰek	Abraham
226	tobuy	KaspiBugun	Bugun	BUY	1869	phek	pʰek	Abraham
226	tobuy	NamphriBugun	Bugun	BUY	1869	phek	pʰek	Abraham
227	tocome	WanghoBugun	Bugun	COME	1446	tən	tən	Abraham
227	tocome	BichomBugun	Bugun	COME	1446	thavəə	tʰavəː	Abraham
227	tocome	SingchungBugun	Bugun	COME	1446	thavəə	tʰavəː	Abraham
227	tocome	KaspiBugun	Bugun	COME	1446	thavəə	tʰavəː	Abraham
227	tocome	NamphriBugun	Bugun	COME	1446	gunpha	gun+pʰa	Abraham
229	tocry	WanghoBugun	Bugun	CRY	1839	tʃo	tʃo	Abraham
229	tocry	BichomBugun	Bugun	CRY	1839	tʃoapha	tʃo+a+pʰa	Abraham
229	tocry	SingchungBugun	Bugun	CRY	1839	tʃomage	tʃo+mage	Abraham
229	tocry	KaspiBugun	Bugun	CRY	1839	tʃoapha	tʃo+a+pʰa	Abraham
229	tocry	NamphriBugun	Bugun	CRY	1839	tʃo	tʃo	Abraham
232	today	WanghoBugun	Bugun	TODAY	1283	sto	s+to	Abraham
232	today	BichomBugun	Bugun	TODAY	1283	sto	s+to	Abraham
232	today	SingchungBugun	Bugun	TODAY	1283	sto	s+to	Abraham
232	today	KaspiBugun	Bugun	TODAY	1283	sto	s+to	Abraham
232	today	NamphriBugun	Bugun	TODAY	1283	sto	s+to	Abraham
233	todie	WanghoBugun	Bugun	DIE	1494	ii	iː	Abraham
233	todie	BichomBugun	Bugun	DIE	1494	ipha	i+pʰa	Abraham
233	todie	SingchungBugun	Bugun	DIE	1494	ida	i+da	Abraham
233	todie	KaspiBugun	Bugun	DIE	1494	idən	i+dən	Abraham
233	todie	NamphriBugun	Bugun	DIE	1494	idun	i+dun	Abraham
235	todream	WanghoBugun	Bugun	DREAM	2374	epoŋ	e+poŋ	Abraham
235	todream	BichomBugun	Bugun	DREAM	2374	ebaŋbaŋ	e+baŋ+baŋ	Abraham
235	todream	SingchungBugun	Bugun	DREAM	2374	eboboŋmage	e+bo+boŋ+mage	Abraham
235	todream	KaspiBugun	Bugun	DREAM	2374	məbaŋ	mə+baŋ	Abraham
235	todream	NamphriBugun	Bugun	DREAM	2374	ebaŋ	e+baŋ	Abraham
236	todrink	WanghoBugun	Bugun	DRINK	1401	ŋaŋ	ŋaŋ	Abraham
236	todrink	BichomBugun	Bugun	DRINK	1401	ŋaŋpha	ŋaŋ+pʰa	Abraham
236	todrink	SingchungBugun	Bugun	DRINK	1401	khoŋaŋ	kʰo+ŋaŋ	Abraham
236	todrink	KaspiBugun	Bugun	DRINK	1401	ŋaŋpha	ŋaŋ+pʰa	Abraham
236	todrink	NamphriBugun	Bugun	DRINK	1401	ŋaŋ	ŋaŋ	Abraham
237	toeat	WanghoBugun	Bugun	EAT	1336	tʃije	tʃije	Abraham
237	toeat	BichomBugun	Bugun	EAT	1336	tʃepha	tʃe+pʰa	Abraham
237	toeat	SingchungBugun	Bugun	EAT	1336	mətʃitʃimage	mə+tʃi+tʃi+mage	Abraham
237	toeat	KaspiBugun	Bugun	EAT	1336	tʃipha	tʃi+pʰa	Abraham
237	toeat	NamphriBugun	Bugun	EAT	1336	tʃije	tʃi+je	Abraham
239	tofly	WanghoBugun	Bugun	FLY (MOVE THROUGH AIR)	1441	khei	kʰei	Abraham
239	tofly	BichomBugun	Bugun	FLY (MOVE THROUGH AIR)	1441	khei	kʰei	Abraham
239	tofly	SingchungBugun	Bugun	FLY (MOVE THROUGH AIR)	1441	khemage	kʰe+mage	Abraham
239	tofly	KaspiBugun	Bugun	FLY (MOVE THROUGH AIR)	1441	kheŋpha	kʰeŋ+pʰa	Abraham
239	tofly	NamphriBugun	Bugun	FLY (MOVE THROUGH AIR)	1441	kheipha	kʰei+pʰa	Abraham
240	toforget	WanghoBugun	Bugun	FORGET	1523	pija	pi+ja	Abraham
240	toforget	BichomBugun	Bugun	FORGET	1523	bijapha	bi+ja+pʰa	Abraham
240	toforget	SingchungBugun	Bugun	FORGET	1523	bijẽ	bi+jẽ	Abraham
240	toforget	KaspiBugun	Bugun	FORGET	1523	bijadan	bi+ja+dan	Abraham
240	toforget	NamphriBugun	Bugun	FORGET	1523	bijẽ	bi+jẽ	Abraham
241	togive	WanghoBugun	Bugun	GIVE	1447	phi	pʰi	Abraham
241	togive	BichomBugun	Bugun	GIVE	1447	phipha	pʰi+pʰa	Abraham
241	togive	SingchungBugun	Bugun	GIVE	1447	phimage	pʰi+mage	Abraham
241	togive	KaspiBugun	Bugun	GIVE	1447	phipha	pʰi+pʰa	Abraham
241	togive	NamphriBugun	Bugun	GIVE	1447	phi	pʰi	Abraham
244	tohear	WanghoBugun	Bugun	HEAR	1408	nũa	nũa	Abraham
244	tohear	BichomBugun	Bugun	HEAR	1408	joipha	joi+pʰa	Abraham
244	tohear	SingchungBugun	Bugun	HEAR	1408	nuwamage	nuwa+mage	Abraham
244	tohear	KaspiBugun	Bugun	HEAR	1408	nuapha	nua+pʰa	Abraham
244	tohear	NamphriBugun	Bugun	HEAR	1408	joi	joi	Abraham
246	tokill	WanghoBugun	Bugun	KILL	1417	ua	ua	Abraham
246	tokill	BichomBugun	Bugun	KILL	1417	uapha	ua+pʰa	Abraham
246	tokill	SingchungBugun	Bugun	KILL	1417	wamage	wa+mage	Abraham
246	tokill	KaspiBugun	Bugun	KILL	1417	uapha	ua+pʰa	Abraham
246	tokill	NamphriBugun	Bugun	KILL	1417	ua	ua	Abraham
247	toknow	WanghoBugun	Bugun	KNOW (SOMETHING)	1410	ĩt	ĩt	Abraham
247	toknow	BichomBugun	Bugun	KNOW (SOMETHING)	1410	thejakpha	tʰe+jak+pʰa	Abraham
247	toknow	SingchungBugun	Bugun	KNOW (SOMETHING)	1410	thekmage	tʰek+mage	Abraham
247	toknow	KaspiBugun	Bugun	KNOW (SOMETHING)	1410	itphat	it+pʰat	Abraham
247	toknow	NamphriBugun	Bugun	KNOW (SOMETHING)	1410	itpha	it+pʰa	Abraham
248	tolaugh	WanghoBugun	Bugun	LAUGH	1355	tʃijo	tʃijo	Abraham
248	tolaugh	BichomBugun	Bugun	LAUGH	1355	ʃijaʔ	ʃijaʔ	Abraham
248	tolaugh	SingchungBugun	Bugun	LAUGH	1355	tʃijo	tʃijo	Abraham
248	tolaugh	KaspiBugun	Bugun	LAUGH	1355	seʔ	seʔ	Abraham
248	tolaugh	NamphriBugun	Bugun	LAUGH	1355	ʃeʔpha	ʃeʔ+pʰa	Abraham
252	tomorrow	WanghoBugun	Bugun	TOMORROW	1329	thimijak	tʰi+mijak	Abraham
252	tomorrow	BichomBugun	Bugun	TOMORROW	1329	thimijaŋ	tʰi+mijaŋ	Abraham
252	tomorrow	SingchungBugun	Bugun	TOMORROW	1329	thimijaŋ	tʰimijaŋ	Abraham
252	tomorrow	KaspiBugun	Bugun	TOMORROW	1329	pəthou	pə+tʰu	Abraham
252	tomorrow	NamphriBugun	Bugun	TOMORROW	1329	thimijaŋ	tʰi+mijaŋ	Abraham
253	tongue	WanghoBugun	Bugun	TONGUE	1205	ri	ri	Abraham
253	tongue	BichomBugun	Bugun	TONGUE	1205	ri	ri	Abraham
253	tongue	SingchungBugun	Bugun	TONGUE	1205	iri	iri	Abraham
253	tongue	KaspiBugun	Bugun	TONGUE	1205	ri	ri	Abraham
253	tongue	NamphriBugun	Bugun	TONGUE	1205	ri	ri	Abraham
254	tooth	WanghoBugun	Bugun	TOOTH	1380	ʃinijat	ʃi+nijat	Abraham
254	tooth	BichomBugun	Bugun	TOOTH	1380	ʃinijat	ʃi+nijat	Abraham
254	tooth	SingchungBugun	Bugun	TOOTH	1380	ʃiniŋ	ʃi+niŋ	Abraham
254	tooth	KaspiBugun	Bugun	TOOTH	1380	ʃiniŋ	ʃi+niŋ	Abraham
254	tooth	NamphriBugun	Bugun	TOOTH	1380	ʃiniŋ	ʃi+niŋ	Abraham
255	toplay	WanghoBugun	Bugun	PLAY	1413	prui	prui	Abraham
255	toplay	BichomBugun	Bugun	PLAY	1413	brui	brui	Abraham
255	toplay	SingchungBugun	Bugun	PLAY	1413	bruimage	brui+mage	Abraham
255	toplay	KaspiBugun	Bugun	PLAY	1413	bruipha	brui+pʰa	Abraham
255	toplay	NamphriBugun	Bugun	PLAY	1413	bruipha	brui+pʰa	Abraham
256	topull	WanghoBugun	Bugun	PULL	1455	ɹii	ɹiː	Abraham
256	topull	BichomBugun	Bugun	PULL	1455	ɹiipha	ɹiː+pʰa	Abraham
256	topull	SingchungBugun	Bugun	PULL	1455	ɹimage	ɹi+mage	Abraham
256	topull	KaspiBugun	Bugun	PULL	1455	ɹiipha	ɹiː+pʰa	Abraham
256	topull	NamphriBugun	Bugun	PULL	1455	ɹii	ɹiː	Abraham
257	topush	WanghoBugun	Bugun	PUSH	1452	reŋ	reŋ	Abraham
257	topush	BichomBugun	Bugun	PUSH	1452	reŋpha	reŋ+pʰa	Abraham
257	topush	SingchungBugun	Bugun	PUSH	1452	ɹiŋmage	ɹiŋ+mage	Abraham
257	topush	KaspiBugun	Bugun	PUSH	1452	reŋpha	reŋ+pʰa	Abraham
257	topush	NamphriBugun	Bugun	PUSH	1452	reŋ	reŋ	Abraham
259	tosee	WanghoBugun	Bugun	SEE	1409	rək	rək	Abraham
259	tosee	BichomBugun	Bugun	SEE	1409	rəg	rəg	Abraham
259	tosee	SingchungBugun	Bugun	SEE	1409	rəkmage	rək+mage	Abraham
259	tosee	KaspiBugun	Bugun	SEE	1409	rekpha	rek+pʰa	Abraham
259	tosee	NamphriBugun	Bugun	SEE	1409	rək	rək	Abraham
262	tosing	WanghoBugun	Bugun	SING	1261	bue	bue	Abraham
262	tosing	BichomBugun	Bugun	SING	1261	baipha	bai+pʰa	Abraham
262	tosing	SingchungBugun	Bugun	SING	1261	ebubue	e+bu+bue	Abraham
262	tosing	KaspiBugun	Bugun	SING	1261	mə̆bai	mə̌+bai	Abraham
262	tosing	NamphriBugun	Bugun	SING	1261	bue	bue	Abraham
264	tosleep	WanghoBugun	Bugun	SLEEP	1585	mijen	mi+jen	Abraham
264	tosleep	BichomBugun	Bugun	SLEEP	1585	mijanpha	mi+jan+pʰa	Abraham
264	tosleep	SingchungBugun	Bugun	SLEEP	1585	mijenmage	mi+jen+mage	Abraham
264	tosleep	KaspiBugun	Bugun	SLEEP	1585	men	men	Abraham
264	tosleep	NamphriBugun	Bugun	SLEEP	1585	menpha	men+pʰa	Abraham
266	tostand	WanghoBugun	Bugun	STAND	1442	rio	rio	Abraham
266	tostand	BichomBugun	Bugun	STAND	1442	rio	rio	Abraham
266	tostand	SingchungBugun	Bugun	STAND	1442	rioma	rioma	Abraham
266	tostand	KaspiBugun	Bugun	STAND	1442	dʒoi	dʒoi	Abraham
266	tostand	NamphriBugun	Bugun	STAND	1442	dʒaimage	dʒai+mage	Abraham
267	tosteal	WanghoBugun	Bugun	STEAL	713	məgəgau	mə+gə+gau	Abraham
267	tosteal	BichomBugun	Bugun	STEAL	713	məgəgoupha	mə+gə+gou+pʰa	Abraham
267	tosteal	SingchungBugun	Bugun	STEAL	713	gau	gau	Abraham
267	tosteal	KaspiBugun	Bugun	STEAL	713	məkəkou	mə+kə+kou	Abraham
267	tosteal	NamphriBugun	Bugun	STEAL	713	məgəgau	mə+gə+gau	Abraham
272	tothrow	WanghoBugun	Bugun	THROW	1456	fijan	fijan	Abraham
272	tothrow	BichomBugun	Bugun	THROW	1456	phenpha	pʰen+pʰa	Abraham
272	tothrow	SingchungBugun	Bugun	THROW	1456	fijenmage	fijen+mage	Abraham
272	tothrow	KaspiBugun	Bugun	THROW	1456	fen	fen	Abraham
272	tothrow	NamphriBugun	Bugun	THROW	1456	phenpha	pʰen+pʰa	Abraham
275	towalk	WanghoBugun	Bugun	WALK	1443	lua	lua	Abraham
275	towalk	BichomBugun	Bugun	WALK	1443	lua	lua	Abraham
275	towalk	SingchungBugun	Bugun	WALK	1443	luamage	lua+mage	Abraham
275	towalk	KaspiBugun	Bugun	WALK	1443	lua	lua	Abraham
275	towalk	NamphriBugun	Bugun	WALK	1443	luapha	lua+pʰa	Abraham
278	towipe	WanghoBugun	Bugun	WIPE	1454	sat	sat	Abraham
278	towipe	BichomBugun	Bugun	WIPE	1454	satpha	sat+pʰa	Abraham
278	towipe	SingchungBugun	Bugun	WIPE	1454	ʃatmage	ʃat+mage	Abraham
278	towipe	KaspiBugun	Bugun	WIPE	1454	satpha	sat+pʰa	Abraham
278	towipe	NamphriBugun	Bugun	WIPE	1454	satmuã	sat+muã	Abraham
280	tree	WanghoBugun	Bugun	TREE	906	hiŋ	hiŋ	Abraham
280	tree	BichomBugun	Bugun	TREE	906	hiŋ	hiŋ	Abraham
280	tree	SingchungBugun	Bugun	TREE	906	hiŋ	hiŋ	Abraham
280	tree	KaspiBugun	Bugun	TREE	906	hiŋ	hiŋ	Abraham
280	tree	NamphriBugun	Bugun	TREE	906	hiŋ	hiŋ	Abraham
283	twenty	WanghoBugun	Bugun	TWENTY	1710	etʃek	e+tʃek	Abraham
283	twenty	BichomBugun	Bugun	TWENTY	1710	etʃet	e+tʃet	Abraham
283	twenty	SingchungBugun	Bugun	TWENTY	1710	etʃet	e+tʃet	Abraham
283	twenty	KaspiBugun	Bugun	TWENTY	1710	nitʃok	ni+tʃok	Abraham
283	twenty	NamphriBugun	Bugun	TWENTY	1710	nitʃok	ni+tʃok	Abraham
284	two	WanghoBugun	Bugun	TWO	1498	ɲiŋ	ɲiŋ	Abraham
284	two	BichomBugun	Bugun	TWO	1498	"ɲiŋ; niʔ"	ɲiŋ	Abraham
284	two	SingchungBugun	Bugun	TWO	1498	ɲijan	ɲijan	Abraham
284	two	KaspiBugun	Bugun	TWO	1498	niʔ	niʔ	Abraham
284	two	NamphriBugun	Bugun	TWO	1498	ɲiŋ	ɲiŋ	Abraham
288	water	WanghoBugun	Bugun	WATER	948	khou	kʰou	Abraham
288	water	BichomBugun	Bugun	WATER	948	khou	kʰou	Abraham
288	water	SingchungBugun	Bugun	WATER	948	kho	kho	Abraham
288	water	KaspiBugun	Bugun	WATER	948	khou	kʰou	Abraham
288	water	NamphriBugun	Bugun	WATER	948	khou	kʰou	Abraham
290	wet	WanghoBugun	Bugun	WET	1726	"eʃoi; emum"	e+ʃoi	Abraham
290	wet	BichomBugun	Bugun	WET	1726	"eʃoŋ; emam; eləŋ"	e+ʃoŋ	Abraham
290	wet	SingchungBugun	Bugun	WET	1726	eʃoŋ	e+ʃoŋ	Abraham
290	wet	KaspiBugun	Bugun	WET	1726	eʃoŋ	e+ʃoŋ	Abraham
290	wet	NamphriBugun	Bugun	WET	1726	eʃoŋ	e+ʃoŋ	Abraham
291	what	WanghoBugun	Bugun	WHAT	1236	niw	niw	Abraham
291	what	BichomBugun	Bugun	WHAT	1236	niw	niw	Abraham
291	what	SingchungBugun	Bugun	WHAT	1236	niwka	niw+ka	Abraham
291	what	KaspiBugun	Bugun	WHAT	1236	nije	nije	Abraham
291	what	NamphriBugun	Bugun	WHAT	1236	ɲijaga	ɲija+ga	Abraham
292	wheat	WanghoBugun	Bugun	WHEAT	1077	phijuk	pʰijuk	Abraham
292	wheat	BichomBugun	Bugun	WHEAT	1077	"phijok; tʃoʔ"	pʰijok	Abraham
292	wheat	SingchungBugun	Bugun	WHEAT	1077	phijo	pʰijo	Abraham
292	wheat	KaspiBugun	Bugun	WHEAT	1077	phijok	pʰijok	Abraham
292	wheat	NamphriBugun	Bugun	WHEAT	1077	phijok	pʰijok	Abraham
294	where	WanghoBugun	Bugun	WHERE	1237	kəʃoo	kə+ʃoo	Abraham
294	where	BichomBugun	Bugun	WHERE	1237	kə̆so	kə̌+so	Abraham
294	where	SingchungBugun	Bugun	WHERE	1237	kəʃoo	kə+ʃoː	Abraham
294	where	KaspiBugun	Bugun	WHERE	1237	kə̆so	kə̌+so	Abraham
294	where	NamphriBugun	Bugun	WHERE	1237	kəʃoo	kə+ʃoː	Abraham
295	white	WanghoBugun	Bugun	WHITE	1335	emoŋ	e+moŋ	Abraham
295	white	BichomBugun	Bugun	WHITE	1335	"emou; mõu"	e+mou	Abraham
295	white	SingchungBugun	Bugun	WHITE	1335	emou	e+mou	Abraham
295	white	KaspiBugun	Bugun	WHITE	1335	mõu	mõu	Abraham
295	white	NamphriBugun	Bugun	WHITE	1335	emoŋ	e+moŋ	Abraham
296	who	WanghoBugun	Bugun	WHO	1235	haŋuŋ	ha+ŋuŋ	Abraham
296	who	BichomBugun	Bugun	WHO	1235	haniju	ha+niju	Abraham
296	who	SingchungBugun	Bugun	WHO	1235	haniju	ha+niju	Abraham
296	who	KaspiBugun	Bugun	WHO	1235	haniju	ha+niju	Abraham
296	who	NamphriBugun	Bugun	WHO	1235	haniju	ha+niju	Abraham
298	wife	WanghoBugun	Bugun	WIFE	1199	aje	a+je	Abraham
298	wife	BichomBugun	Bugun	WIFE	1199	je	je	Abraham
298	wife	SingchungBugun	Bugun	WIFE	1199	aje	a+je	Abraham
298	wife	KaspiBugun	Bugun	WIFE	1199	je	je	Abraham
298	wife	NamphriBugun	Bugun	WIFE	1199	je	je	Abraham
299	wind	WanghoBugun	Bugun	WIND	960	hasam	ha+sam	Abraham
299	wind	BichomBugun	Bugun	WIND	960	aʃam	a+ʃam	Abraham
299	wind	SingchungBugun	Bugun	WIND	960	hasam	ha+sam	Abraham
299	wind	KaspiBugun	Bugun	WIND	960	hasam	ha+sam	Abraham
299	wind	NamphriBugun	Bugun	WIND	960	hasam	ha+sam	Abraham
301	woman	WanghoBugun	Bugun	WOMAN	962	bimi	bi+mi	Abraham
301	woman	BichomBugun	Bugun	WOMAN	962	bimi	bi+mi	Abraham
301	woman	SingchungBugun	Bugun	WOMAN	962	dimi	di+mi	Abraham
301	woman	KaspiBugun	Bugun	WOMAN	962	hõamu	hõ+a+mu	Abraham
301	woman	NamphriBugun	Bugun	WOMAN	962	hõamua	hõ+a+mua	Abraham
302	year	WanghoBugun	Bugun	YEAR	1226	tau	tau	Abraham
302	year	BichomBugun	Bugun	YEAR	1226	dau	dau	Abraham
302	year	SingchungBugun	Bugun	YEAR	1226	dau	dau	Abraham
302	year	KaspiBugun	Bugun	YEAR	1226	tam	tam	Abraham
302	year	NamphriBugun	Bugun	YEAR	1226	etam	e+tam	Abraham
303	yellow	WanghoBugun	Bugun	YELLOW	1424	etʃui	e+tʃui	Abraham
303	yellow	BichomBugun	Bugun	YELLOW	1424	"dʒoi; edʒoi"	dʒoi	Abraham
303	yellow	SingchungBugun	Bugun	YELLOW	1424	edʒoi	e+dʒoi	Abraham
303	yellow	KaspiBugun	Bugun	YELLOW	1424	dʒoi	dʒoi	Abraham
303	yellow	NamphriBugun	Bugun	YELLOW	1424	edʒoi	e+dʒoi	Abraham
304	yesterday	WanghoBugun	Bugun	YESTERDAY	1174	dijo	di+jo	Abraham
304	yesterday	BichomBugun	Bugun	YESTERDAY	1174	dijo	di+jo	Abraham
304	yesterday	SingchungBugun	Bugun	YESTERDAY	1174	dijo	di+jo	Abraham
304	yesterday	KaspiBugun	Bugun	YESTERDAY	1174	thəmijaŋ	tʰə+mi+jaŋ	Abraham
304	yesterday	NamphriBugun	Bugun	YESTERDAY	1174	dijo	di+jo	Abraham